Folder,Video,pixel_surface,color,shape,frequency,pp1,pp2,pp3,pp4,pp5,pp6
Experiment_1,1x1_pixel_surface_20000_color_mode_white_frequency_25_shape_triangles.mp4,20000,white,triangles,25,[1.80788394 2.60677375 1.81909286],[1.87205272 2.25498291 4.9139221 ],[2.56051645 7.89725345 1.9070952 ],[3.71054904 6.2805693  6.83867661],[ 4.21971595 15.56510381  9.58657974],[1.6045034  1.8377859  4.20317523]
Experiment_1,1x1_pixel_surface_30000_color_mode_red_frequency_25_shape_triangles.mp4,30000,red,triangles,25,[3.48796428 4.25744431 4.37579692],[14.21782339  0.9728457   1.75872726],[0.63279804 6.08970857 3.26944753],[4.28708594 7.59927888 3.0621715 ],[2.00856691 1.01479785 1.84525382],[1.03439184 0.92081242 7.32903306]
Experiment_1,1x1_pixel_surface_30000_color_mode_white_frequency_13_shape_circles.mp4,30000,white,circles,13,[3.5088921  2.52795977 3.98331146],[1.23817387 2.66989398 1.29465241],[0.61176241 2.31526044 2.24123603],[8.06263067 6.64996676 3.23820983],[ 3.52048016 15.82859143  3.36646963],[4.69649141 0.79314283 2.5922874 ]
Experiment_1,1x1_pixel_surface_30000_color_mode_white_frequency_8_shape_squares.mp4,30000,white,squares,8,[2.37602446 1.52784846 4.17082067],[8.82503437 4.52402737 1.7699655 ],[4.40119596 1.79205517 0.44220851],[ 1.46001006 12.4158432  11.40045368],[14.57200558 11.62459514  1.96259529],[0.96254317 2.18550454 1.16021499]
Experiment_1,1x1_pixel_surface_10000_color_mode_red_frequency_13_shape_squares.mp4,10000,red,squares,13,[1.37191684 2.52812731 3.1927687 ],[2.17083711 4.81564208 4.31015889],[0.34499668 0.98477952 1.00006203],[ 2.32286113  4.12561507 11.05175052],[0.86361859 1.80139481 4.53833269],[0.65938601 1.49327376 2.30518242]
Experiment_1,1x1_pixel_surface_10000_color_mode_red_frequency_19_shape_circles.mp4,10000,red,circles,19,[1.10251745 1.0235716  2.03537716],[0.84529177 6.01034175 0.21699354],[2.94095801 2.08819628 2.56937578],[1.51681168 7.47546432 2.888859  ],[4.36866356 0.86966173 3.73331697],[3.11151891 0.75383264 5.55487288]
Experiment_1,1x1_pixel_surface_10000_color_mode_white_frequency_13_shape_squares.mp4,10000,white,squares,13,[3.61622584 1.68353155 0.47925663],[1.30761497 7.99630351 2.16168923],[0.75365005 0.89029539 0.73975115],[0.93636799 1.85219536 2.83466183],[6.66989738 6.0134149  1.30001535],[2.55005337 0.95072385 1.80124841]
Experiment_1,1x1_pixel_surface_10000_color_mode_green_frequency_19_shape_circles.mp4,10000,green,circles,19,[2.48832821 0.56891625 1.02852804],[8.17223225 0.29561243 1.15802184],[1.13774632 0.85986454 1.73610317],[2.88183406 0.87976896 1.90501325],[2.31684887 6.3266815  1.12685687],[11.60332596  7.01328881  2.29190984]
Experiment_1,1x1_pixel_surface_30000_color_mode_white_frequency_13_shape_squares.mp4,30000,white,squares,13,[2.043315   3.44082196 0.72091937],[1.95991904 1.96177792 1.67793112],[1.37259273 1.44702624 1.25210358],[10.59345857  4.74921502  9.12269717],[3.08546945 1.63946727 6.49917067],[23.14760917  0.30910892  4.5505242 ]
Experiment_1,1x1_pixel_surface_30000_color_mode_green_frequency_25_shape_circles.mp4,30000,green,circles,25,[1.6072601  1.51440141 1.90861278],[7.65938257 2.30542324 2.0678048 ],[3.45281901 1.08055034 0.8346832 ],[7.01391109 3.88569588 2.71512708],[10.18859243  7.49882415 10.23461129],[2.04552015 1.18653383 5.13332009]
Experiment_1,1x1_pixel_surface_10000_color_mode_red_frequency_13_shape_triangles.mp4,10000,red,triangles,13,[3.7984833  2.77764695 1.95347564],[5.05012815 2.81096697 0.15521627],[1.07212018 0.61634467 0.55703623],[ 1.54758198 16.20271873  4.67569102],[1.42769036 0.41790397 1.92412242],[0.90163115 0.30573227 0.84069795]
Experiment_1,1x1_pixel_surface_20000_color_mode_green_frequency_8_shape_circles.mp4,20000,green,circles,8,[0.86884562 2.2198513  2.04295986],[4.41022887 8.01154639 2.46193211],[5.41968748 3.60383003 2.43964064],[1.76111049 1.67881546 0.91269623],[5.32124724 4.41330413 3.34844371],[1.45252886 0.6494826  2.59578821]
Experiment_1,1x1_pixel_surface_30000_color_mode_green_frequency_8_shape_triangles.mp4,30000,green,triangles,8,[1.45515267 2.15676689 1.16602564],[0.7709239  4.59512868 7.37270668],[0.71861208 1.21636321 3.42495643],[2.03909719 2.63854676 0.64365437],[2.79469258 1.76035437 3.1188405 ],[0.53575369 2.14977035 0.57655762]
Experiment_1,1x1_pixel_surface_20000_color_mode_white_frequency_13_shape_squares.mp4,20000,white,squares,13,[2.12460082 2.206872   1.53523039],[0.5953098  5.18245305 2.92617011],[11.19430625  3.08035455  2.48160842],[2.72173056 4.53925613 2.12918303],[4.57206844 1.85777961 2.42350394],[1.48514968 5.20143629 2.90343184]
Experiment_1,1x1_pixel_surface_20000_color_mode_green_frequency_25_shape_squares.mp4,20000,green,squares,25,[0.83024329 1.58849469 1.10723064],[3.31618579 3.31006126 4.34083644],[0.88475779 0.63921519 1.37739144],[6.55821224 1.43598638 2.3987905 ],[21.07031729 39.32231639 15.95725175],[1.74081785 1.07225769 1.37370904]
Experiment_1,1x1_pixel_surface_30000_color_mode_red_frequency_13_shape_squares.mp4,30000,red,squares,13,[1.75589849 2.77931869 6.16200112],[0.40737981 2.84838108 1.52183981],[2.71184874 1.19309794 6.32973142],[11.97422961  4.3903584   4.56260448],[7.23896797 1.10530055 9.64981628],[6.25215821 1.60740552 0.98322454]
Experiment_1,1x1_pixel_surface_20000_color_mode_white_frequency_13_shape_triangles.mp4,20000,white,triangles,13,[2.58904352 2.17350233 0.99065959],[5.70622995 0.65331555 4.73506983],[1.3149231  1.51793629 3.4662602 ],[0.71573552 2.71158736 1.90686558],[0.17723294 0.30550755 2.42971365],[2.35384369 7.42896997 0.892802  ]
Experiment_1,1x1_pixel_surface_20000_color_mode_red_frequency_13_shape_squares.mp4,20000,red,squares,13,[2.53289645 0.79314599 2.14948269],[1.72163249 0.50457415 1.08520474],[1.33127564 0.62562465 2.49114731],[22.37745522 22.45426696 11.63519287],[ 1.2468139   8.56595819 12.73305299],[2.63826463 0.68997839 1.30902746]
Experiment_1,1x1_pixel_surface_30000_color_mode_red_frequency_8_shape_squares.mp4,30000,red,squares,8,[0.4244628  9.6653779  1.93526949],[3.72562408 3.81832324 0.5890291 ],[0.72328161 1.0321624  1.10016519],[9.42589896 6.54404673 3.39593026],[0.73555668 2.55455473 1.57222118],[0.60379194 0.24018114 0.7925699 ]
Experiment_1,1x1_pixel_surface_30000_color_mode_white_frequency_19_shape_triangles.mp4,30000,white,triangles,19,[2.20339732 5.50958871 2.92341104],[11.36574616 15.70924937  4.84038123],[2.61685157 4.13050319 1.98356437],[ 3.60661678 11.97622371  5.30048203],[6.482458   3.68811838 2.46227505],[1.93473841 1.37942486 2.82244313]
Experiment_1,1x1_pixel_surface_30000_color_mode_red_frequency_25_shape_squares.mp4,30000,red,squares,25,[29.63201302  0.52826042  1.83837451],[0.86274389 5.33672221 0.55158604],[0.18085005 7.02939486 2.26925469],[11.47894913 11.38417142  7.66594912],[2.61390634 7.33660236 2.12309194],[0.58445066 1.49819898 0.88369995]
Experiment_1,1x1_pixel_surface_30000_color_mode_red_frequency_13_shape_triangles.mp4,30000,red,triangles,13,[1.48403414 3.05006959 0.87863311],[5.02953295 1.07123491 5.80176144],[0.59068269 4.6591187  0.79396112],[11.14747599 11.3234978  11.31024809],[2.98545461 2.51704671 6.00262806],[0.79130523 1.15452825 1.64096763]
Experiment_1,1x1_pixel_surface_20000_color_mode_white_frequency_19_shape_squares.mp4,20000,white,squares,19,[2.55658776 8.15093424 0.47954838],[ 7.88373907  5.3268837  23.95519727],[0.87658689 0.23935003 0.68867795],[3.62763999 0.88416067 2.16623657],[3.60207191 4.01331743 4.43035917],[2.87457898 8.27015939 4.67530258]
Experiment_1,1x1_pixel_surface_30000_color_mode_white_frequency_25_shape_squares.mp4,30000,white,squares,25,[0.50616647 1.59409909 3.45549043],[1.94124779 2.64597846 4.46606015],[4.82066762 4.51437029 5.39650855],[8.69654837 8.10456479 4.67504933],[11.35572459 11.3696936  23.25533636],[3.96522975 2.44266118 6.59958973]
Experiment_1,1x1_pixel_surface_20000_color_mode_green_frequency_19_shape_squares.mp4,20000,green,squares,19,[0.85282143 5.25476528 0.85937331],[1.29707159 0.82910935 0.8385583 ],[0.41587428 0.7516664  1.18724169],[4.13721187 4.65376728 2.57671045],[3.23353017 2.73689082 2.59400718],[3.30407324 3.69291345 3.40754271]
Experiment_1,1x1_pixel_surface_10000_color_mode_red_frequency_25_shape_circles.mp4,10000,red,circles,25,[4.34592308 2.81610054 1.21141909],[ 1.3768332  10.83397598  6.90776755],[0.62812797 1.4537807  0.779721  ],[0.60590845 4.80664626 6.31128301],[8.246664   0.73504709 2.24784252],[3.13201978 5.27386732 4.0033282 ]
Experiment_1,1x1_pixel_surface_10000_color_mode_red_frequency_13_shape_circles.mp4,10000,red,circles,13,[4.64878162 2.66399111 3.6474812 ],[1.69393908 2.043871   2.06377173],[3.64158523 5.56903877 7.40486506],[6.87861657 6.42311228 2.78121204],[ 1.4368482  10.01283007  3.68370074],[1.34113761 0.52879575 0.50748864]
Experiment_1,1x1_pixel_surface_20000_color_mode_red_frequency_13_shape_triangles.mp4,20000,red,triangles,13,[0.75365053 0.86758562 0.58310157],[2.17078595 5.40571747 2.34468965],[1.29179424 0.49580254 3.76278803],[9.58010139 4.92772526 7.42624571],[1.46249013 2.89418914 3.29093099],[0.29264006 1.47145865 1.58030041]
Experiment_1,1x1_pixel_surface_10000_color_mode_white_frequency_8_shape_circles.mp4,10000,white,circles,8,[0.50572954 0.48760069 4.20610243],[4.46972917 0.74030205 4.56300985],[0.52160869 6.52646143 4.05342483],[ 1.69380922 12.8867474   1.8573278 ],[2.65779684 1.53490521 1.6734544 ],[2.17876015 0.43977282 1.22799102]
Experiment_1,1x1_pixel_surface_10000_color_mode_green_frequency_13_shape_squares.mp4,10000,green,squares,13,[1.41868101 0.4219016  2.18557725],[5.78981487 1.91683656 1.82891562],[2.85536378 1.50138998 0.35286988],[5.05328479 2.56575011 0.33469701],[0.46951097 1.74343475 2.73720794],[0.63310647 0.4589079  3.67197634]
Experiment_1,1x1_pixel_surface_30000_color_mode_green_frequency_25_shape_squares.mp4,30000,green,squares,25,[1.53759863 1.67150895 0.37914104],[1.62545423 4.67154111 1.73870702],[0.79590845 0.99633782 1.99572821],[12.14162758 10.86763281 14.55229463],[10.31027161 20.0960993   9.79945854],[2.41349056 5.00425822 2.45038543]
Experiment_1,1x1_pixel_surface_30000_color_mode_green_frequency_25_shape_triangles.mp4,30000,green,triangles,25,[2.30184433 0.63551869 0.23920464],[3.06221697 1.34315435 0.43776388],[2.75216277 4.2439506  1.33868837],[3.27227041 4.45653695 3.34714463],[ 3.09640422 10.01432956  7.36558403],[5.3007419  7.02465445 2.8780966 ]
Experiment_1,1x1_pixel_surface_20000_color_mode_white_frequency_8_shape_circles.mp4,20000,white,circles,8,[1.98076761 0.91935422 0.38606923],[0.77146011 4.79508441 4.10321511],[2.82123564 1.34303219 0.5109413 ],[1.28018192 6.24182281 4.8591855 ],[3.900094   2.43690184 1.55447285],[1.79068012 0.71487949 1.98881158]
Experiment_1,1x1_pixel_surface_20000_color_mode_red_frequency_8_shape_triangles.mp4,20000,red,triangles,8,[3.00785322 3.10611336 1.68486834],[2.64146514 2.11884986 2.584049  ],[2.61767463 1.91022067 1.35979721],[ 2.02655166 10.98286549  5.09418548],[36.95205962  0.9288136   1.23118145],[1.29665302 1.23159791 1.08594389]
Experiment_1,1x1_pixel_surface_20000_color_mode_green_frequency_13_shape_circles.mp4,20000,green,circles,13,[14.27402548  0.76796445  1.60105172],[3.1600234  0.84352687 1.3090987 ],[0.78957822 2.40420951 5.15952662],[1.7553493  1.4131691  3.19995246],[2.84674007 0.91122408 5.42017715],[3.91315073 7.60007357 6.43412923]
Experiment_1,1x1_pixel_surface_20000_color_mode_white_frequency_8_shape_triangles.mp4,20000,white,triangles,8,[0.55013674 1.15031929 0.87137815],[7.59213455 4.1335143  0.78751248],[0.46001979 0.94960856 4.85418574],[1.18752518 1.23780397 2.73968097],[1.76182271 1.82354193 1.86409103],[5.71290158 0.5594736  2.84831455]
Experiment_1,1x1_pixel_surface_10000_color_mode_white_frequency_25_shape_squares.mp4,10000,white,squares,25,[1.77262294 0.86183441 3.25338231],[2.03512322 2.70390553 2.47168417],[2.93856924 4.391232   2.73892957],[9.75082497 3.74713452 6.9044919 ],[16.60818789 24.76380317 20.62515296],[3.76232658 1.46666417 3.42304625]
Experiment_1,1x1_pixel_surface_10000_color_mode_white_frequency_8_shape_triangles.mp4,10000,white,triangles,8,[0.25528449 2.59968683 2.94563708],[1.15558123 1.57802707 2.4906919 ],[4.71475259 1.67475081 2.44005493],[1.7667338  0.30725277 0.59647112],[3.36955252 1.27241701 0.16134177],[1.77596489 1.09438563 0.83556356]
Experiment_1,1x1_pixel_surface_30000_color_mode_white_frequency_13_shape_triangles.mp4,30000,white,triangles,13,[4.2363895  0.97371118 1.79467994],[1.11694829 0.56869627 1.54116661],[2.90542789 0.81350191 0.23730608],[2.46535853 2.90728406 8.02924294],[0.88268338 3.63567783 2.76714642],[0.54872794 4.70590731 1.57853866]
Experiment_1,1x1_pixel_surface_20000_color_mode_red_frequency_8_shape_squares.mp4,20000,red,squares,8,[0.83897521 1.74083067 1.35782919],[ 2.26541369  1.85684514 11.45603597],[1.85217178 1.84331102 4.48033979],[10.49403471  7.6206446  22.76219462],[3.4243234  3.63752705 2.99880999],[1.07083046 0.06731452 3.08314637]
Experiment_1,1x1_pixel_surface_30000_color_mode_red_frequency_19_shape_squares.mp4,30000,red,squares,19,[1.22629534 5.00252544 2.02112315],[2.93313511 2.59295185 1.66985843],[1.74728681 2.93176758 6.58364967],[7.04445249 4.4001653  3.18872421],[0.92176679 5.10665953 5.24010064],[0.56488969 1.43654776 2.79641559]
Experiment_1,1x1_pixel_surface_20000_color_mode_green_frequency_19_shape_triangles.mp4,20000,green,triangles,19,[5.07246324 5.41122886 0.45129624],[3.520618   0.60987722 1.74818562],[4.20950279 1.39775793 4.68755648],[2.22787744 1.19975822 4.37389402],[0.79843439 1.65363202 3.74923571],[ 3.43671699  5.51604707 10.40699904]
Experiment_1,1x1_pixel_surface_30000_color_mode_white_frequency_25_shape_triangles.mp4,30000,white,triangles,25,[2.22665383 1.35922598 1.06420829],[6.19526095 1.24244177 2.40183835],[2.21719028 2.79988345 3.03267001],[14.76838094  6.50884388 10.48137317],[ 9.28285073 15.66170829  3.39131159],[5.27977401 1.2851067  0.53077248]
Experiment_1,1x1_pixel_surface_30000_color_mode_green_frequency_8_shape_squares.mp4,30000,green,squares,8,[2.52453934 0.57941006 1.88827082],[5.52837699 2.90460276 3.30911361],[0.81242008 0.40999518 0.44867347],[1.51711135 1.74856248 9.10750033],[6.20696321 2.10567409 1.36005582],[1.54241099 0.42525853 1.31782707]
Experiment_1,1x1_pixel_surface_20000_color_mode_red_frequency_25_shape_circles.mp4,20000,red,circles,25,[1.20767871 0.45154368 0.8913234 ],[4.88340715 3.76170786 2.65399689],[2.07362848 4.56348143 0.53133301],[ 7.4763519  10.93268485  3.29048863],[1.22728288 6.13258979 1.20400984],[0.86241476 4.87760372 2.83082834]
Experiment_1,1x1_pixel_surface_30000_color_mode_green_frequency_13_shape_circles.mp4,30000,green,circles,13,[0.37257858 3.48275997 6.55361634],[1.451078   2.87963302 1.68643767],[1.89553727 0.59462101 1.88954548],[1.831948   7.89545871 2.60153433],[6.97328614 1.87553945 1.87269189],[5.15451729 4.3773853  7.42775934]
Experiment_1,1x1_pixel_surface_30000_color_mode_green_frequency_19_shape_squares.mp4,30000,green,squares,19,[1.94565218 3.18800469 6.45827989],[7.43473127 2.47912561 2.7141038 ],[3.71540763 3.40344468 0.77276238],[1.31136612 1.1476478  6.21560868],[11.79775383  4.31792724  5.10451645],[5.56302103 2.00805371 4.13925495]
Experiment_1,1x1_pixel_surface_30000_color_mode_red_frequency_8_shape_circles.mp4,30000,red,circles,8,[2.92421998 1.4111749  0.97654385],[4.48464193 5.71441929 1.13787869],[4.4056446  0.68482272 1.80938426],[16.01753772  3.7040814   7.88547626],[ 4.08300517 11.29985416  1.17608582],[1.81157936 1.64370566 1.84658904]
Experiment_1,1x1_pixel_surface_10000_color_mode_green_frequency_25_shape_triangles.mp4,10000,green,triangles,25,[0.59286961 1.84182296 1.43236179],[6.45119322 2.11032832 1.13769125],[0.74794503 7.24365592 4.96487691],[1.23763838 4.80994308 1.82940572],[28.85149413  3.60831582  2.91954506],[0.53626099 2.18192202 5.74033245]
Experiment_1,1x1_pixel_surface_20000_color_mode_white_frequency_19_shape_triangles.mp4,20000,white,triangles,19,[2.14248503 1.95695578 3.10715194],[14.70991977  6.1069301  10.60341994],[ 5.43352526  2.65925371 11.40209667],[6.95635625 3.60674661 0.74209224],[1.79381649 2.34580344 4.34156489],[2.85297994 1.93134423 2.55823653]
Experiment_1,1x1_pixel_surface_20000_color_mode_red_frequency_25_shape_squares.mp4,20000,red,squares,25,[1.01774174 1.58177736 4.06744863],[1.70549046 5.47354395 4.69982291],[0.67068752 6.47065524 7.45191734],[5.67612925 3.12121371 1.55527311],[4.18237884 3.00597055 1.83555132],[4.04800619 4.25926744 1.07137642]
Experiment_1,1x1_pixel_surface_30000_color_mode_red_frequency_8_shape_triangles.mp4,30000,red,triangles,8,[1.67892912 2.28187617 3.37069235],[0.82590167 6.9494337  1.5349942 ],[2.72141165 4.41483864 1.68625408],[10.40520692 11.06576007 13.64557643],[12.58267566  3.02202124  0.50983053],[3.19989404 0.50800782 1.11194101]
Experiment_1,1x1_pixel_surface_30000_color_mode_white_frequency_19_shape_squares.mp4,30000,white,squares,19,[2.72307416 0.46853893 4.14577699],[ 5.21268363 14.19430838 21.1459275 ],[1.00719014 2.31219168 2.03702535],[1.65409134 8.96284814 0.50097956],[ 3.7529797   1.31834175 10.37307897],[4.25417073 1.21769937 1.68243699]
Experiment_1,1x1_pixel_surface_20000_color_mode_green_frequency_8_shape_triangles.mp4,20000,green,triangles,8,[0.85722713 0.74636554 0.76515269],[1.61673576 8.86970937 3.76108499],[0.36504391 1.6915987  4.12210418],[2.91213813 3.60282834 4.06240125],[3.16444489 3.31442827 1.24091446],[1.67158958 1.72829407 2.09909585]
Experiment_1,1x1_pixel_surface_10000_color_mode_red_frequency_8_shape_squares.mp4,10000,red,squares,8,[1.66035189 7.60634488 1.88510697],[11.1839192   1.31081849  2.27929161],[2.38714119 1.96370139 2.20634682],[12.11133961  5.98073613  2.89461615],[15.14066639  2.32424319  1.7516621 ],[1.65962253 1.06599344 2.9238181 ]
Experiment_1,1x1_pixel_surface_30000_color_mode_red_frequency_25_shape_circles.mp4,30000,red,circles,25,[0.72946408 0.58457524 0.75015279],[0.30309188 0.49489753 1.87838196],[0.36221771 2.89022193 5.75053418],[18.99560175 11.81527511  3.51581467],[2.40245695 7.42396081 1.19857861],[4.34474799 1.7190088  1.49262584]
Experiment_1,1x1_pixel_surface_20000_color_mode_white_frequency_25_shape_squares.mp4,20000,white,squares,25,[8.69997803 0.93539694 7.5352179 ],[1.75270279 3.68520487 9.39941733],[7.23469861 1.15145998 5.65936049],[11.53470714  4.33855376  7.16005501],[ 6.0084379  14.18330389  1.06495954],[ 1.64467584 10.49022388  2.50579042]
Experiment_1,1x1_pixel_surface_10000_color_mode_green_frequency_8_shape_triangles.mp4,10000,green,triangles,8,[0.83522381 0.75821024 1.0169181 ],[1.54038753 6.58354765 5.56181672],[1.68370626 2.34915287 3.67022718],[1.6370454  2.42985772 1.25541018],[0.87025208 1.55209605 5.16086154],[2.21237466 1.925733   1.11260341]
Experiment_1,1x1_pixel_surface_10000_color_mode_white_frequency_19_shape_triangles.mp4,10000,white,triangles,19,[0.39056685 5.69778398 1.82543764],[ 3.64122929 42.29972993  0.72481767],[0.81655263 2.03891713 1.15654819],[ 5.7463081  10.55951685  0.80566813],[5.79218528 0.68501827 0.54915182],[7.24935553 2.1553303  0.89722859]
Experiment_1,1x1_pixel_surface_10000_color_mode_red_frequency_25_shape_squares.mp4,10000,red,squares,25,[1.98109079 1.62631839 2.07165151],[6.49629827 3.73409279 2.63495798],[5.52892727 1.74756672 4.29228264],[1.57057288 1.42970121 2.13520356],[ 0.66134347 10.58466183  2.10592251],[10.48619111  2.44839807  2.32837776]
Experiment_1,1x1_pixel_surface_20000_color_mode_red_frequency_19_shape_squares.mp4,20000,red,squares,19,[1.05814919 0.90842946 4.48397897],[7.83134529 1.97908536 0.9453046 ],[5.05623909 0.90005796 1.06686711],[ 7.47351336 20.51280912  6.61733571],[3.10691717 9.88978558 1.93783852],[0.34225718 2.0962237  3.32805129]
Experiment_1,1x1_pixel_surface_10000_color_mode_green_frequency_8_shape_squares.mp4,10000,green,squares,8,[1.69843495 1.73231396 1.7866368 ],[11.86341905  2.9672712   6.85683096],[0.91061255 3.00657407 1.30186666],[2.61840796 0.76972172 0.74720413],[4.82433281 1.882323   0.71930538],[4.89436036 1.74634194 1.80104819]
Experiment_1,1x1_pixel_surface_20000_color_mode_red_frequency_25_shape_triangles.mp4,20000,red,triangles,25,[3.18790384 0.42731217 2.90909848],[3.24605151 5.07908274 0.97118677],[5.05057876 3.19601131 1.7750983 ],[0.81940116 0.8005948  3.01774823],[0.63786371 2.2638141  3.2265321 ],[4.33113093 4.38740587 0.38283662]
Experiment_1,1x1_pixel_surface_10000_color_mode_green_frequency_19_shape_squares.mp4,10000,green,squares,19,[1.97377856 1.62232555 0.51792817],[1.3874394  6.56617988 1.96132103],[0.6344438  1.01391222 5.85961303],[0.84769931 2.57952025 1.47482478],[0.86225395 6.56633456 1.7999988 ],[0.98972454 8.00374302 2.33640101]
Experiment_1,1x1_pixel_surface_20000_color_mode_white_frequency_25_shape_circles.mp4,20000,white,circles,25,[2.97963382 2.23229896 1.43562888],[6.16418924 5.53623167 2.75494284],[ 8.7969568 10.098632   3.1173948],[13.934662    6.3072749   3.56939123],[ 6.58945195 20.64727892  5.29283313],[1.50317392 1.17129596 3.53812812]
Experiment_1,1x1_pixel_surface_10000_color_mode_green_frequency_13_shape_circles.mp4,10000,green,circles,13,[0.7579993  1.13197185 1.16762803],[3.02773035 3.1499553  4.12843021],[3.31842503 1.48625244 2.67357751],[0.49353862 0.95175181 2.85714149],[2.01813436 2.41568174 4.81954207],[2.74534955 1.7114263  1.85494318]
Experiment_1,1x1_pixel_surface_20000_color_mode_green_frequency_19_shape_circles.mp4,20000,green,circles,19,[2.58020203 5.70205042 4.05932338],[3.16943596 2.57903366 6.40630149],[0.42342158 1.63801574 0.71331273],[1.64551785 7.85228486 2.24874733],[10.75442567  0.87798283  1.01059588],[0.34945824 3.50874661 9.93237127]
Experiment_1,1x1_pixel_surface_10000_color_mode_white_frequency_25_shape_triangles.mp4,10000,white,triangles,25,[2.25103877 0.68117855 5.08830791],[5.68295735 2.5340478  2.41935837],[3.02421212 2.345344   2.74712637],[5.49262766 3.02436952 3.28033805],[18.34149188 14.69996663  9.37747402],[0.86678774 1.57695958 3.94607241]
Experiment_1,1x1_pixel_surface_20000_color_mode_red_frequency_19_shape_triangles.mp4,20000,red,triangles,19,[2.42914653 1.60140928 3.13817778],[1.68909691 2.46166328 0.85591968],[1.3037323  0.68540269 2.78446229],[ 3.73567119  7.21156159 10.26080883],[2.66017743 0.83723724 5.14235056],[13.9727544   3.68052555  6.98246728]
Experiment_1,1x1_pixel_surface_10000_color_mode_green_frequency_25_shape_squares.mp4,10000,green,squares,25,[ 6.32880802 11.53764059  1.41695504],[3.49974445 5.64856201 2.11552662],[1.85326748 4.9071517  3.05036147],[ 3.35072626  6.61189742 14.42377156],[13.94957028  3.78811207 20.43065983],[1.21808025 1.88908237 0.77235107]
Experiment_1,1x1_pixel_surface_20000_color_mode_green_frequency_13_shape_triangles.mp4,20000,green,triangles,13,[6.81045667 0.75086301 2.9883779 ],[6.13963311 0.91570584 0.91414323],[0.18616435 3.89851749 0.79160218],[3.48824194 5.07329235 6.26740388],[0.67841071 2.90174885 1.09960343],[3.18155045 4.13068884 2.14652178]
Experiment_1,1x1_pixel_surface_10000_color_mode_red_frequency_8_shape_triangles.mp4,10000,red,triangles,8,[1.90989157 0.96346942 0.56814121],[0.938617   0.98397863 2.94408087],[0.91031325 0.29379959 1.16811073],[ 3.42892619  5.90096801 10.37044876],[13.47281817  3.35990419  5.97038827],[2.98505926 1.26157905 1.0816051 ]
Experiment_1,1x1_pixel_surface_20000_color_mode_red_frequency_8_shape_circles.mp4,20000,red,circles,8,[4.10684505 3.23054434 0.89097515],[2.63049793 6.95456649 4.01389453],[1.62909626 2.50453081 0.46997101],[23.64216587  4.42988728 12.1774132 ],[1.12453776 3.80261739 1.26020239],[1.77716682 0.39690259 3.06627867]
Experiment_1,1x1_pixel_surface_10000_color_mode_white_frequency_13_shape_triangles.mp4,10000,white,triangles,13,[1.81642952 3.83576929 1.92818584],[1.27531257 2.02692286 1.46444641],[0.43860865 2.8622173  5.25785875],[2.36504276 1.87809964 7.16621165],[2.10986619 6.73751855 1.29028714],[0.62681967 1.38418014 1.23891232]
Experiment_1,1x1_pixel_surface_10000_color_mode_red_frequency_8_shape_circles.mp4,10000,red,circles,8,[1.27283891 2.18695424 1.28278309],[4.33497125 1.97852732 1.78217015],[1.04929446 1.95692997 4.86176998],[2.55822879 3.21074893 1.78797653],[8.9667094  1.62427808 1.45410519],[1.41629766 2.3037943  0.62310868]
Experiment_1,1x1_pixel_surface_30000_color_mode_green_frequency_13_shape_triangles.mp4,30000,green,triangles,13,[4.16742482 1.84949803 0.71147554],[3.30299595 0.1974548  8.57852348],[1.58510011 0.83718092 2.16055041],[1.33268388 0.70843638 3.19581759],[3.45613258 2.44368458 0.77423197],[2.71450694 2.62165439 2.38777512]
Experiment_1,1x1_pixel_surface_10000_color_mode_red_frequency_19_shape_squares.mp4,10000,red,squares,19,[3.4833598  4.81746636 4.00788235],[3.64701316 1.70540091 1.9900934 ],[0.71483189 1.15444359 2.49490192],[10.62920869  3.48746894  1.71028633],[4.17329165 4.04863111 1.96700266],[0.5446455  1.2831756  1.38024941]
Experiment_1,1x1_pixel_surface_30000_color_mode_green_frequency_19_shape_triangles.mp4,30000,green,triangles,19,[ 1.70474687 10.23560157  1.38180537],[8.84086911 2.18754454 1.62311099],[1.38354413 1.04547546 6.44379832],[12.42640738  4.82495608  4.42658446],[2.65800285 2.30110443 1.45860487],[10.97943896  4.72082196  3.5430896 ]
Experiment_1,1x1_pixel_surface_10000_color_mode_white_frequency_19_shape_circles.mp4,10000,white,circles,19,[1.56150467 1.54322454 2.06373312],[ 4.45351124 11.36263173  1.81942678],[0.74082118 1.6483208  2.14176906],[ 1.9688059   1.52969834 19.69492576],[4.18973488 1.52343849 2.31903298],[5.25158376 6.25981658 3.27570177]
Experiment_1,1x1_pixel_surface_30000_color_mode_red_frequency_13_shape_circles.mp4,30000,red,circles,13,[7.15158807 1.40816135 1.30244987],[2.26932401 2.3100485  4.68611194],[1.49464063 1.71693881 1.76165411],[9.01088996 7.65062339 5.31307639],[ 5.7477306   2.28042871 14.19565167],[1.26406231 2.2290308  1.12685862]
Experiment_1,1x1_pixel_surface_20000_color_mode_white_frequency_13_shape_circles.mp4,20000,white,circles,13,[0.83752396 1.51421104 0.66908849],[1.22946437 1.85719176 1.7960357 ],[1.14121564 1.5792893  1.18793388],[ 5.48386251  1.10653254 10.19427418],[ 6.5589645   2.28524785 13.10556173],[1.19067544 5.62996589 4.69111887]
Experiment_1,1x1_pixel_surface_10000_color_mode_white_frequency_8_shape_squares.mp4,10000,white,squares,8,[2.39585908 0.5923294  0.46874737],[1.71400708 2.13410845 2.382618  ],[7.53314877 2.73032342 0.74673432],[2.04815165 2.61195973 2.02135948],[4.47271623 3.37445296 1.883189  ],[1.36568338 0.46619583 0.48533339]
Experiment_1,1x1_pixel_surface_30000_color_mode_green_frequency_8_shape_circles.mp4,30000,green,circles,8,[1.62361477 0.7343991  0.61284676],[ 0.7002524  10.19324018 15.62406527],[3.66919299 0.58483851 2.09909277],[2.52264412 5.56469943 2.03202376],[9.40621907 3.52275065 4.97657546],[2.86450209 2.04074903 2.26438585]
Experiment_1,1x1_pixel_surface_10000_color_mode_white_frequency_25_shape_circles.mp4,10000,white,circles,25,[0.80821748 0.71555237 3.08049209],[3.01391045 7.87958725 5.25067084],[0.95536607 0.98349423 3.2827086 ],[ 6.33830698  1.27115846 12.74180454],[13.63010699 11.5610617  15.70166032],[0.29559613 2.97452713 1.55606793]
Experiment_1,1x1_pixel_surface_10000_color_mode_green_frequency_8_shape_circles.mp4,10000,green,circles,8,[1.49298695 1.67927462 1.64537654],[1.8703366  6.81358172 6.27351632],[1.48015699 1.67425667 2.42394135],[0.71403655 2.47329689 2.35426319],[2.83341314 4.2805598  2.20039148],[1.55019926 2.19109813 2.59157527]
Experiment_1,1x1_pixel_surface_20000_color_mode_white_frequency_8_shape_squares.mp4,20000,white,squares,8,[3.67312544 1.12767133 0.48949419],[6.37709497 5.68394317 3.54453601],[0.71437347 2.33244802 3.41168238],[ 8.78804335 10.31484809  0.6749282 ],[0.76543434 1.63135665 1.7067659 ],[0.8070101  1.75938137 0.53815991]
Experiment_1,1x1_pixel_surface_10000_color_mode_green_frequency_19_shape_triangles.mp4,10000,green,triangles,19,[2.64479783 6.71036842 2.14604561],[1.26311845 0.509939   1.09409654],[0.09452208 0.57670612 1.17469706],[1.402194   2.83158563 6.18847931],[4.55804167 1.02960676 2.34579524],[0.67116358 5.69987311 8.98061115]
Experiment_1,1x1_pixel_surface_20000_color_mode_green_frequency_8_shape_squares.mp4,20000,green,squares,8,[0.32551888 1.51542697 0.46056711],[ 5.31237403  6.46152309 59.80346112],[13.35239725  0.82209749  3.86451452],[0.97533523 3.28364578 0.75633969],[8.88513334 0.68935781 1.26422204],[1.33948482 1.47511732 1.33448601]
Experiment_1,1x1_pixel_surface_30000_color_mode_white_frequency_19_shape_circles.mp4,30000,white,circles,19,[1.34595758 1.23663008 1.75114486],[ 6.73728215 14.6789303   6.18580414],[0.38628639 2.03259862 9.14917888],[ 5.77173099  3.94679139 38.50951397],[2.3633215  4.70879914 0.98709782],[2.85823198 0.82915811 5.19230136]
Experiment_1,1x1_pixel_surface_30000_color_mode_red_frequency_19_shape_circles.mp4,30000,red,circles,19,[2.91157474 2.17598925 9.9817631 ],[5.53987664 1.45863195 1.60184649],[4.53013016 1.97137949 2.82644233],[18.29172442  5.5740206   8.69288986],[5.3269933  2.50563939 6.95269289],[2.16831413 2.48486796 5.61763291]
Experiment_1,1x1_pixel_surface_10000_color_mode_green_frequency_25_shape_circles.mp4,10000,green,circles,25,[0.84051757 1.84686087 2.30439533],[2.39542645 2.46178425 2.05720878],[12.56489936  0.80276772  2.54149661],[5.33759049 1.74589579 5.66774526],[7.00920471 7.82141667 3.64283872],[0.52739017 2.74952771 1.92468426]
Experiment_1,1x1_pixel_surface_30000_color_mode_white_frequency_25_shape_circles.mp4,30000,white,circles,25,[ 1.11506359 24.99986063  3.94834985],[4.02669486 2.73295137 2.44935854],[1.63397903 3.74637125 7.27538856],[12.70416481  9.86095966  5.24573521],[15.03355514 11.38188247 29.68294419],[3.0033724  1.67594511 1.75014907]
Experiment_1,1x1_pixel_surface_20000_color_mode_white_frequency_19_shape_circles.mp4,20000,white,circles,19,[1.92552079 2.23954802 2.16462136],[7.99211836 7.58052895 2.79011097],[1.82178789 3.23729902 4.7795125 ],[2.99739368 0.79396137 2.07929948],[4.13282093 2.13344686 1.71481743],[7.20953322 7.70232159 1.12773965]
Experiment_1,1x1_pixel_surface_30000_color_mode_green_frequency_19_shape_circles.mp4,30000,green,circles,19,[2.60361446 2.86009477 0.94706013],[3.15124562 4.44526164 3.0943304 ],[1.31740431 2.26811556 0.54473554],[6.49334686 5.62613262 3.95955444],[3.68620104 4.82568728 1.68788049],[ 7.71749966 16.28274151  8.89277468]
Experiment_1,1x1_pixel_surface_20000_color_mode_red_frequency_13_shape_circles.mp4,20000,red,circles,13,[1.93217944 0.79935346 0.72165859],[2.75444468 0.39763576 2.11532977],[0.37939719 1.55889805 4.49609555],[ 7.01486854 12.37906015  5.27994791],[11.09109387  4.19114518  3.92287518],[1.36609325 1.97419865 2.17821768]
Experiment_1,1x1_pixel_surface_10000_color_mode_red_frequency_19_shape_triangles.mp4,10000,red,triangles,19,[4.47226666 1.64969893 2.53093751],[1.39025672 1.10720498 1.69050299],[3.14139613 2.59804541 3.07966305],[5.09735663 2.00340653 5.05426931],[3.24254635 5.88373015 5.3694468 ],[1.2165948  0.93467539 0.64591113]
Experiment_1,1x1_pixel_surface_30000_color_mode_white_frequency_8_shape_triangles.mp4,30000,white,triangles,8,[3.85236648 0.59912088 4.49849569],[ 6.29678067 14.00607347  2.64379518],[1.58029001 5.65116145 7.1030358 ],[1.4092764  2.28327974 3.3452243 ],[1.08211407 0.27104058 0.81616683],[1.16558587 0.36316639 0.38709347]
Experiment_1,1x1_pixel_surface_30000_color_mode_red_frequency_19_shape_triangles.mp4,30000,red,triangles,19,[3.24808246 1.61160661 5.07475512],[3.41226135 1.24069753 3.10537531],[0.64133723 0.69602922 1.25947174],[9.74598011 7.26263019 7.56103126],[5.97880706 2.54823404 2.57155292],[3.20814034 1.80515548 1.63812672]
Experiment_1,1x1_pixel_surface_30000_color_mode_green_frequency_13_shape_squares.mp4,30000,green,squares,13,[7.13921893 1.83439566 4.32087519],[3.2995232  2.82140703 3.81636908],[0.51889169 0.91557867 1.52820195],[ 2.07103589 11.4465176   8.51573181],[1.28619906 0.41534521 1.20784003],[1.60964989 9.00311323 6.37468217]
Experiment_1,1x1_pixel_surface_20000_color_mode_green_frequency_25_shape_circles.mp4,20000,green,circles,25,[0.84192859 0.25104736 0.36341555],[1.36734095 6.6373055  0.78683065],[2.4994006  1.72133995 1.88317035],[10.81050019  5.38634657  1.21636812],[22.72966811 10.26925883  8.93471417],[1.38144391 1.27807769 5.48606384]
Experiment_1,1x1_pixel_surface_20000_color_mode_green_frequency_25_shape_triangles.mp4,20000,green,triangles,25,[1.45762901 3.05604699 1.45210259],[1.00443926 1.12526321 1.53914093],[1.31979181 0.84498644 0.55674393],[ 6.88734346  3.59096553 14.50149478],[3.39583027 2.89779113 3.87604677],[ 1.04389803  3.70834821 12.35804026]
Experiment_1,1x1_pixel_surface_10000_color_mode_red_frequency_25_shape_triangles.mp4,10000,red,triangles,25,[4.62710556 2.46212233 1.76641526],[2.4749599  5.05955566 0.25450544],[3.36751392 1.9668451  0.38939046],[ 1.42139477  0.98127475 11.1083972 ],[3.29338656 1.34386231 2.73071113],[0.18990682 2.49242472 2.03868108]
Experiment_1,1x1_pixel_surface_20000_color_mode_red_frequency_19_shape_circles.mp4,20000,red,circles,19,[3.47108824 3.88712745 1.02826289],[1.75615623 1.48862051 0.95564915],[3.95269664 3.74806907 3.27175554],[ 1.92226793  4.93312601 19.8691054 ],[3.34637162 4.82572489 1.26795867],[2.04854709 2.1414038  6.8851754 ]
Experiment_1,1x1_pixel_surface_10000_color_mode_white_frequency_13_shape_circles.mp4,10000,white,circles,13,[0.86154967 0.99024126 1.5903102 ],[2.73904651 0.63369403 3.13027683],[1.41667588 2.98865843 1.61997539],[1.5110218  2.64119027 1.38915965],[2.36698134 6.64316625 3.50450555],[6.01311316 0.9166807  3.21495865]
Experiment_1,1x1_pixel_surface_20000_color_mode_green_frequency_13_shape_squares.mp4,20000,green,squares,13,[3.19622146 3.06035441 7.65028048],[1.46203924 2.73616346 1.72932643],[3.87499367 1.31006506 0.82080568],[4.29745303 2.46825133 3.37846474],[1.96885457 1.7928132  2.76388855],[0.89020678 4.92207332 4.41434809]
Experiment_1,1x1_pixel_surface_30000_color_mode_white_frequency_8_shape_circles.mp4,30000,white,circles,8,[2.25447281 1.57251481 1.13121395],[2.50369325 3.30633967 0.52272168],[2.539952   1.34024635 0.95765399],[9.47792849 7.65031394 8.71164699],[0.67566516 0.19628237 0.36528385],[0.55846622 0.42914802 2.38067874]
Experiment_1,1x1_pixel_surface_10000_color_mode_green_frequency_13_shape_triangles.mp4,10000,green,triangles,13,[1.05458323 4.9595997  0.70481235],[1.33173851 1.30548586 1.21021235],[0.45876729 1.83184114 5.89887606],[ 0.58599278 13.61363485  2.41653972],[1.52944445 1.92658006 4.08210938],[3.5862068  2.75649187 3.57884802]
Experiment_1,1x1_pixel_surface_10000_color_mode_white_frequency_19_shape_squares.mp4,10000,white,squares,19,[6.08787989 0.44258881 4.57124794],[4.16623411 6.92553179 4.55529073],[1.82268444 1.03959958 0.62788843],[3.85693888 3.51813309 1.44639302],[10.20061907  0.95387857  0.9257776 ],[3.99667083 1.41776581 4.12488212]
Experiment_2,2x2_pixel_surface_10000_color_mode_red_frequency_8_shape_squares_coordinate_(1440_810).mp4,10000,red,squares,8,[13.11731756  0.72898796  0.96667436],[1.86210222 3.73743868 1.7986106 ],[1.71559452 1.06156129 2.77242839],[3.24258156 2.65083951 0.65722873],[4.13309293 0.89138844 1.72355729],[0.27175722 2.74834221 0.52391563]
Experiment_2,2x2_pixel_surface_10000_color_mode_white_frequency_19_shape_squares_coordinate_(480_810).mp4,10000,white,squares,19,[2.05831209 0.88921148 6.33370416],[ 5.67947558  6.24151094 25.93787727],[4.52769396 1.22994217 3.13282457],[0.69199617 1.22409873 2.9299785 ],[5.08394868 3.39014207 1.13569503],[1.36335902 5.68025341 2.80851476]
Experiment_2,2x2_pixel_surface_30000_color_mode_red_frequency_8_shape_squares_coordinate_(480_270).mp4,30000,red,squares,8,[9.18846209 1.94693139 4.45263479],[ 5.69413573  7.23656141 19.39559845],[0.55824586 1.81980226 3.78806547],[10.03747312 13.0204207   8.7350339 ],[1.7683598  1.56226761 1.04195295],[1.74069149 0.2602028  1.6652475 ]
Experiment_2,2x2_pixel_surface_10000_color_mode_green_frequency_19_shape_squares_coordinate_(480_270).mp4,10000,green,squares,19,[3.90047176 3.36742183 1.98357904],[1.79310227 1.22627607 3.89682902],[8.54871735 3.27427819 7.73081072],[1.21931069 0.25475044 4.54466319],[1.44479904 0.80085988 2.24417959],[6.00234766 5.19413556 2.70512457]
Experiment_2,2x2_pixel_surface_30000_color_mode_red_frequency_25_shape_squares_coordinate_(480_810).mp4,30000,red,squares,25,[1.35394987 0.61394467 1.57802952],[1.59929603 3.63270277 0.37935718],[8.64544479 5.27881992 2.66472831],[5.81203802 4.68695928 0.55406136],[6.75486231 5.11373992 1.04362399],[1.92169319 2.02617314 0.44682827]
Experiment_2,2x2_pixel_surface_10000_color_mode_green_frequency_13_shape_squares_coordinate_(1440_270).mp4,10000,green,squares,13,[1.52724551 1.57099156 3.50735852],[0.73613414 2.96284672 0.33108587],[1.81195497 1.03825362 0.90578676],[9.09431504 1.63130876 2.0503114 ],[1.37897379 3.14542752 2.21322195],[0.84012768 7.7186789  1.27045135]
Experiment_2,2x2_pixel_surface_30000_color_mode_red_frequency_25_shape_squares_coordinate_(1440_270).mp4,30000,red,squares,25,[1.06366665 1.1544486  1.07895055],[7.61442961 0.77989723 1.95238673],[2.49854575 6.20561168 2.48240544],[8.42868052 3.99175282 3.43310977],[6.85604327 2.32019882 2.91884173],[1.75986413 1.02866902 4.01271048]
Experiment_2,2x2_pixel_surface_20000_color_mode_red_frequency_19_shape_squares_coordinate_(1440_810).mp4,20000,red,squares,19,[6.32063849 1.50723878 3.28087199],[5.25491355 0.77443475 1.66876618],[2.44200192 4.27424265 1.76528277],[7.37559361 0.88536935 1.63185069],[ 7.59526161 11.74302241  4.32083597],[2.72936838 3.2420654  1.50505766]
Experiment_2,2x2_pixel_surface_30000_color_mode_white_frequency_25_shape_squares_coordinate_(480_270).mp4,30000,white,squares,25,[4.96026503 4.1799748  2.16591017],[3.81768646 4.6661579  3.43142177],[2.89644721 0.82422632 5.88632442],[4.1061742  1.48135604 1.86446183],[27.69498082 26.19684088 19.13369387],[0.63226829 0.49242    3.93407283]
Experiment_2,2x2_pixel_surface_10000_color_mode_red_frequency_8_shape_squares_coordinate_(480_810).mp4,10000,red,squares,8,[1.66589519 3.75516489 1.78566367],[0.73029477 1.33586727 0.85730592],[3.45899738 0.56329655 2.71032007],[17.84179757 10.29792154  5.55516319],[1.94297702 3.21310678 0.42989596],[2.44516908 0.93160376 0.1310769 ]
Experiment_2,2x2_pixel_surface_30000_color_mode_red_frequency_19_shape_squares_coordinate_(1440_270).mp4,30000,red,squares,19,[ 5.92048364  1.98519735 10.13861641],[2.85914584 1.23970394 7.64137478],[1.9695076  1.55554455 4.64183916],[2.53565584 1.43606307 1.08315434],[11.76969696  6.86581622  2.85340258],[1.69718228 1.75858731 2.78987341]
Experiment_2,2x2_pixel_surface_10000_color_mode_white_frequency_19_shape_squares_coordinate_(480_270).mp4,10000,white,squares,19,[4.33543888 6.02644613 2.25515777],[ 4.57460174  4.28929027 15.18641259],[1.34265119 1.14958523 0.45098076],[0.37922873 1.8679944  2.71698007],[1.33211    1.60776982 4.66613753],[5.38496225 2.46250993 4.74009813]
Experiment_2,2x2_pixel_surface_30000_color_mode_red_frequency_19_shape_squares_coordinate_(1440_810).mp4,30000,red,squares,19,[2.52807759 5.52757178 2.02178601],[2.78976279 3.80472741 6.90700073],[ 5.45367232  3.95840277 11.56388462],[ 0.66443491  3.14017509 16.88636027],[ 1.32017321 10.48749675  3.4418177 ],[1.22773459 0.74750122 4.71338123]
Experiment_2,2x2_pixel_surface_10000_color_mode_white_frequency_13_shape_squares_coordinate_(1440_810).mp4,10000,white,squares,13,[0.58859884 1.89296847 1.83624766],[3.99769182 2.52647012 1.35796853],[1.47248516 2.22601342 2.76130586],[3.22824066 9.90531349 0.57347047],[2.25099183 1.36064123 1.98389624],[1.18162727 3.99505827 4.91000602]
Experiment_2,2x2_pixel_surface_10000_color_mode_red_frequency_19_shape_squares_coordinate_(480_270).mp4,10000,red,squares,19,[4.79245549 1.24832843 4.07004663],[2.40831995 0.31370386 4.01908829],[2.8896401  0.77658783 3.78266673],[0.73895923 1.74676524 5.35304274],[3.42776808 1.33167356 9.00942494],[2.5424552  1.86887082 2.20130158]
Experiment_2,2x2_pixel_surface_30000_color_mode_green_frequency_13_shape_squares_coordinate_(1440_270).mp4,30000,green,squares,13,[0.36567    3.49968311 3.41027288],[2.70199324 6.09669886 1.88273702],[1.51303575 0.64275502 0.73555951],[1.74630013 3.32441403 0.63738963],[1.06194216 4.0216415  2.11549247],[3.22787474 3.19842394 3.54831746]
Experiment_2,2x2_pixel_surface_10000_color_mode_white_frequency_25_shape_squares_coordinate_(480_810).mp4,10000,white,squares,25,[2.5027781  6.77964214 1.63174886],[2.50265863 1.96392857 3.92382294],[1.24417612 3.66525944 0.76338435],[1.44564991 0.9799538  4.69122432],[12.5675593   3.24903137  4.93833862],[1.06285553 2.80818215 1.40222677]
Experiment_2,2x2_pixel_surface_20000_color_mode_white_frequency_19_shape_squares_coordinate_(1440_810).mp4,20000,white,squares,19,[9.36491404 1.78818681 6.61873007],[ 1.67743778  7.85443252 10.44925665],[4.49572768 0.92223523 1.65403297],[2.7807472  3.25737382 4.61777629],[8.55309854 1.78512989 0.35968864],[5.59058872 9.2245318  4.86393236]
Experiment_2,2x2_pixel_surface_30000_color_mode_white_frequency_8_shape_squares_coordinate_(480_270).mp4,30000,white,squares,8,[3.37733205 1.96555557 5.16672178],[11.09602111  4.50215302 24.96094716],[0.82214409 2.42699827 1.65427457],[4.40416173 3.12110768 0.35895045],[1.30507504 2.10791145 1.46837649],[0.71649309 1.04645172 1.15020657]
Experiment_2,2x2_pixel_surface_10000_color_mode_red_frequency_25_shape_squares_coordinate_(1440_270).mp4,10000,red,squares,25,[3.82330298 1.89483405 0.84240734],[0.69585556 7.08324563 2.1112284 ],[0.31488598 0.67660061 2.33239389],[5.03060499 4.05201725 5.65053288],[2.27348167 0.73467943 4.13261986],[1.81775539 1.63041875 2.15030486]
Experiment_2,2x2_pixel_surface_30000_color_mode_white_frequency_13_shape_squares_coordinate_(1440_270).mp4,30000,white,squares,13,[2.01519886 2.35356985 1.28416015],[0.45429961 4.94218628 5.55348745],[1.7242876  2.15851413 1.36475682],[3.51331434 0.94801465 0.70302064],[0.64402161 0.58772948 3.4608829 ],[ 4.77547624 10.87783563  2.23375495]
Experiment_2,2x2_pixel_surface_30000_color_mode_green_frequency_19_shape_squares_coordinate_(1440_810).mp4,30000,green,squares,19,[2.37351931 4.1320403  7.31052016],[1.37689337 7.63517293 1.92006733],[0.46629039 1.22854338 3.08962847],[1.08904858 0.81056724 2.28437469],[2.4589581  7.5622666  1.13235713],[0.31412701 3.97040619 2.09358012]
Experiment_2,2x2_pixel_surface_30000_color_mode_red_frequency_8_shape_squares_coordinate_(480_810).mp4,30000,red,squares,8,[4.9294958  4.73609738 7.65699794],[ 7.50687006 10.74375544  5.10439065],[0.99484958 1.54732064 5.02861763],[ 1.58175513  0.86124837 16.48771268],[3.12183843 1.39580352 2.35793675],[0.67215813 4.64064502 0.2192944 ]
Experiment_2,2x2_pixel_surface_10000_color_mode_red_frequency_13_shape_squares_coordinate_(1440_810).mp4,10000,red,squares,13,[1.66733687 3.91074704 9.76340766],[1.19243518 4.16150411 0.90521087],[0.93079628 0.14492515 1.43114162],[4.75509582 7.83551212 1.96273448],[0.6420712  1.0100916  1.01001285],[3.67149413 2.53729396 1.42860015]
Experiment_2,2x2_pixel_surface_30000_color_mode_green_frequency_25_shape_squares_coordinate_(1440_810).mp4,30000,green,squares,25,[0.55083252 1.71767061 1.03870414],[4.54473883 2.48238872 1.45854033],[2.13248418 2.27648066 0.58110184],[0.98700453 6.74963843 3.55521948],[ 7.42130116 26.00640449 21.57679654],[12.50529012  2.25283688  2.59023143]
Experiment_2,2x2_pixel_surface_10000_color_mode_white_frequency_25_shape_squares_coordinate_(1440_810).mp4,10000,white,squares,25,[9.52932714 2.09039425 1.00667352],[10.10136896 15.94469924  1.96325145],[2.95305244 0.90239289 4.74026332],[3.24584558 1.66666296 1.64351162],[ 2.88076796 34.03976055  9.90154169],[0.13993511 0.89405047 4.67284772]
Experiment_2,2x2_pixel_surface_10000_color_mode_red_frequency_19_shape_squares_coordinate_(1440_270).mp4,10000,red,squares,19,[1.4856246  1.91254893 4.38300391],[3.0512497  5.99035373 8.33904171],[0.50190546 2.41957867 0.49755065],[6.744461   9.77198107 2.71844933],[0.63162037 0.49320707 2.30691021],[5.76452028 5.34630934 1.66689188]
Experiment_2,2x2_pixel_surface_30000_color_mode_red_frequency_13_shape_squares_coordinate_(480_810).mp4,30000,red,squares,13,[4.87897944 0.7634899  6.31496996],[10.81274534  0.62919493  4.07203998],[1.30392838 1.77946379 0.71246279],[6.1978623  3.24610432 8.19475104],[6.11494439 0.51746323 1.89155868],[4.64582638 0.94287544 2.27974948]
Experiment_2,2x2_pixel_surface_30000_color_mode_red_frequency_13_shape_squares_coordinate_(1440_810).mp4,30000,red,squares,13,[4.32019689 7.15848499 6.90244192],[ 8.22458656 10.14170152  2.94352866],[0.94394836 1.77652968 3.12052276],[ 3.66150396  9.91346541 13.03417382],[12.57469296  0.74810534  2.11944846],[3.52446785 0.98130506 0.93309748]
Experiment_2,2x2_pixel_surface_30000_color_mode_white_frequency_8_shape_squares_coordinate_(1440_810).mp4,30000,white,squares,8,[1.99604034 1.39600164 2.0301046 ],[1.95277175 7.60503991 3.98239627],[0.95827815 0.50031933 1.71432991],[4.98312961 1.2870027  2.47976435],[0.56437342 1.01939171 1.90447099],[2.44704636 1.9118729  1.84450487]
Experiment_2,2x2_pixel_surface_10000_color_mode_white_frequency_8_shape_squares_coordinate_(1440_270).mp4,10000,white,squares,8,[5.45333055 0.44243194 1.96592068],[2.39565361 2.86014715 1.68424544],[2.05049711 7.82942396 0.96262791],[1.0715875  2.01468849 1.07840628],[2.43190909 0.65165959 0.60118992],[1.74710872 1.10862875 1.47543566]
Experiment_2,2x2_pixel_surface_30000_color_mode_white_frequency_19_shape_squares_coordinate_(1440_810).mp4,30000,white,squares,19,[1.95297001 2.81018859 1.46355954],[ 6.59647626 11.15241108  1.19612328],[1.22098622 3.96920593 2.40655694],[7.13003946 8.82047572 3.27531531],[1.42175131 1.04684787 4.05465057],[15.03584442  7.5071367   2.33094373]
Experiment_2,2x2_pixel_surface_30000_color_mode_white_frequency_13_shape_squares_coordinate_(1440_810).mp4,30000,white,squares,13,[3.65991567 3.30933401 0.72425715],[0.41457896 3.00555074 0.97541799],[2.59265266 0.92330774 2.17004531],[0.63091788 3.16867097 0.60612816],[1.95735114 8.68952386 2.52051692],[6.13699717 4.45628492 2.21388782]
Experiment_2,2x2_pixel_surface_20000_color_mode_green_frequency_8_shape_squares_coordinate_(1440_810).mp4,20000,green,squares,8,[2.39555499 2.32942661 4.86220987],[8.13194634 9.71261168 4.45757375],[1.96231292 2.54245204 0.90185768],[5.89691274 6.17798588 1.29211468],[2.21697047 2.68554332 1.26454655],[0.95514908 1.66166954 0.96763216]
Experiment_2,2x2_pixel_surface_30000_color_mode_red_frequency_25_shape_squares_coordinate_(480_270).mp4,30000,red,squares,25,[12.58022806  5.89698631  0.2992299 ],[1.2667138  4.07123219 1.08910829],[7.68197827 2.79520744 3.31044935],[7.61695486 4.08184891 1.93745789],[3.37548054 4.78615687 2.45584105],[1.81088579 1.99982012 2.54896537]
Experiment_2,2x2_pixel_surface_10000_color_mode_white_frequency_19_shape_squares_coordinate_(1440_270).mp4,10000,white,squares,19,[2.97035347 0.5152726  0.70139107],[ 6.66163994  3.49487254 10.22746959],[0.44311491 2.17113152 0.67624831],[0.28666215 0.75545631 2.28064322],[1.71738615 1.19019718 0.7451384 ],[ 1.48427468  3.72514667 13.2006179 ]
Experiment_2,2x2_pixel_surface_10000_color_mode_white_frequency_19_shape_squares_coordinate_(1440_810).mp4,10000,white,squares,19,[3.8634537  2.52170973 2.76381735],[ 2.08636769 15.4217626   2.35888305],[2.19315741 5.7744604  4.26911494],[5.14886877 1.25258548 3.28829848],[3.71405484 2.43499016 0.84250343],[1.25620278 7.42505017 1.33267115]
Experiment_2,2x2_pixel_surface_20000_color_mode_red_frequency_13_shape_squares_coordinate_(1440_810).mp4,20000,red,squares,13,[4.6353163  3.69063289 2.40895288],[1.36126309 2.29020086 0.65741598],[0.68623511 1.41333664 0.81274551],[4.47137676 2.53904529 6.0569236 ],[2.41892786 3.96994613 5.65089049],[0.26849598 0.99140914 2.51967643]
Experiment_2,2x2_pixel_surface_20000_color_mode_white_frequency_25_shape_squares_coordinate_(1440_810).mp4,20000,white,squares,25,[2.05951523 1.9888351  6.0996486 ],[3.11793182 5.8195773  3.1324393 ],[16.31103484  0.79453912  3.87690117],[12.22038305  1.78376335  2.80263919],[5.31347932 8.72294724 4.13026225],[0.37080378 1.01379107 1.79740447]
Experiment_2,2x2_pixel_surface_30000_color_mode_green_frequency_8_shape_squares_coordinate_(1440_270).mp4,30000,green,squares,8,[2.89388268 7.35782975 2.25090839],[37.84059154  3.15479231 18.54096254],[3.11482986 0.80724299 1.92581691],[2.24996653 1.41950184 0.24241244],[3.22598903 1.45786848 1.61945424],[2.68714377 1.03132369 1.73513309]
Experiment_2,2x2_pixel_surface_20000_color_mode_white_frequency_19_shape_squares_coordinate_(480_810).mp4,20000,white,squares,19,[1.95656068 1.14580724 0.88861279],[ 4.28820583 13.15811001 13.75487123],[2.83883732 4.40465981 3.67465477],[2.6901285  0.40224836 3.37362666],[2.1311417  6.15914198 3.66530466],[7.41879779 2.84997363 4.4897732 ]
Experiment_2,2x2_pixel_surface_30000_color_mode_green_frequency_8_shape_squares_coordinate_(480_270).mp4,30000,green,squares,8,[1.28550572 2.82491787 2.91333688],[7.90076638 7.32011215 4.54719967],[0.79024243 1.30822927 0.50598202],[0.17579385 1.32906485 1.431901  ],[1.67542539 0.57260794 0.90204475],[0.85537356 2.01668165 5.21201335]
Experiment_2,2x2_pixel_surface_30000_color_mode_green_frequency_19_shape_squares_coordinate_(480_810).mp4,30000,green,squares,19,[1.6586467  1.96917529 1.90288954],[4.13740595 5.36197391 4.70810229],[0.5924938  1.48419062 5.40781395],[2.61255051 5.55217283 3.83275737],[0.88201216 1.66919043 9.52992514],[ 1.33645059  1.06938615 20.97210531]
Experiment_2,2x2_pixel_surface_20000_color_mode_white_frequency_19_shape_squares_coordinate_(480_270).mp4,20000,white,squares,19,[3.59318961 1.38035255 4.12007885],[ 7.14681278  3.36462491 12.56724271],[6.31270683 1.33280955 2.64252476],[4.7261924  2.37471189 2.14024922],[2.5187308  0.55588586 5.27330925],[6.81624643 1.79651416 8.07091439]
Experiment_2,2x2_pixel_surface_10000_color_mode_red_frequency_19_shape_squares_coordinate_(1440_810).mp4,10000,red,squares,19,[1.03013203 3.91100771 1.52069967],[1.57099618 1.21216263 1.4857789 ],[4.76544511 4.97382649 1.44068326],[ 4.16293561  1.70992157 10.25377419],[3.62047456 0.67711771 9.10938803],[ 3.3495416  10.40157662  3.71482943]
Experiment_2,2x2_pixel_surface_20000_color_mode_red_frequency_8_shape_squares_coordinate_(480_270).mp4,20000,red,squares,8,[2.23482642 3.85915251 3.76369969],[3.30851543 0.77263855 0.84379608],[0.78936317 4.16014439 1.88565978],[2.86799945 1.36801757 2.10371392],[5.05984569 9.68615623 0.55135768],[3.55192891 5.11349395 1.9048155 ]
Experiment_2,2x2_pixel_surface_20000_color_mode_white_frequency_13_shape_squares_coordinate_(480_270).mp4,20000,white,squares,13,[2.00315811 1.8739374  1.48275638],[3.50137631 2.27483457 3.49309102],[0.31911605 2.75835826 2.27690659],[5.54826345 6.02446037 9.46479688],[1.48778745 7.52735306 3.04741249],[1.97492493 6.81042195 0.85833677]
Experiment_2,2x2_pixel_surface_10000_color_mode_green_frequency_13_shape_squares_coordinate_(480_270).mp4,10000,green,squares,13,[2.37850412 2.07772245 6.32495661],[3.66680889 1.36942314 2.42371636],[2.08784252 1.56503464 2.343395  ],[2.07739075 1.25272778 1.30713408],[1.20734419 3.98517109 3.40303363],[6.74307593 4.80477052 1.19167143]
Experiment_2,2x2_pixel_surface_10000_color_mode_white_frequency_25_shape_squares_coordinate_(1440_270).mp4,10000,white,squares,25,[7.69621531 4.98100383 1.8953471 ],[2.17475673 3.64355772 1.21777026],[3.69007167 3.17382536 1.65858572],[1.08493663 0.99222416 3.62172432],[4.54669336 2.58032567 3.48996152],[1.39038256 1.58690401 1.12688327]
Experiment_2,2x2_pixel_surface_10000_color_mode_white_frequency_13_shape_squares_coordinate_(480_810).mp4,10000,white,squares,13,[1.18351349 0.33543076 2.3149087 ],[1.1788034  8.48912844 3.58684973],[1.45779957 1.50974271 0.63295562],[0.83992996 0.6292526  1.23302241],[2.19985131 1.96998847 4.08912032],[3.68126623 2.53034152 2.5174198 ]
Experiment_2,2x2_pixel_surface_20000_color_mode_green_frequency_25_shape_squares_coordinate_(1440_810).mp4,20000,green,squares,25,[1.24356945 4.64150469 1.32017541],[1.10282486 4.22641926 1.38130576],[1.27440028 2.32907814 2.03489538],[4.93813733 1.62404321 1.55737992],[0.66551777 5.75431156 6.63008161],[1.65011019 4.05707498 3.39871892]
Experiment_2,2x2_pixel_surface_10000_color_mode_green_frequency_19_shape_squares_coordinate_(1440_810).mp4,10000,green,squares,19,[4.19048964 0.6906458  2.84659679],[ 3.53977056 13.39897997  1.26642932],[0.70161119 2.06303484 0.45096208],[1.09071705 2.37952189 1.71797818],[4.53510308 1.00468587 3.06103273],[2.58160537 1.89662713 4.22695216]
Experiment_2,2x2_pixel_surface_30000_color_mode_green_frequency_8_shape_squares_coordinate_(1440_810).mp4,30000,green,squares,8,[2.63931017 2.4094433  0.9230296 ],[12.11392556 12.22020579 33.38580186],[1.51430095 0.62425036 3.01878846],[1.05953361 1.35531021 0.93707898],[1.32656578 3.77279131 1.17126261],[4.36534815 0.44115515 0.75078365]
Experiment_2,2x2_pixel_surface_20000_color_mode_red_frequency_13_shape_squares_coordinate_(480_810).mp4,20000,red,squares,13,[2.98801025 3.91008031 3.79424817],[6.05904248 1.6532445  2.9612245 ],[1.34051868 0.96675572 1.68732363],[7.19579025 5.67359232 3.8392219 ],[1.90064308 0.47389861 3.58526688],[0.73245971 3.747129   0.83438237]
Experiment_2,2x2_pixel_surface_20000_color_mode_red_frequency_25_shape_squares_coordinate_(480_270).mp4,20000,red,squares,25,[0.37671702 2.6545542  0.5955864 ],[0.59009839 5.44015908 1.06969582],[4.09963241 0.86965595 3.24064842],[5.71647688 3.42916531 4.74637444],[0.6745364  0.72893304 2.43174862],[0.72787406 5.12783227 8.27713347]
Experiment_2,2x2_pixel_surface_20000_color_mode_green_frequency_13_shape_squares_coordinate_(1440_270).mp4,20000,green,squares,13,[ 1.71591611  3.25427985 10.86329998],[0.13628274 3.34188457 2.48433863],[1.25323633 1.71906368 2.41397975],[2.95300728 1.28308374 0.26679903],[0.65402794 4.00367355 0.91207947],[0.79149176 2.04331457 2.10081831]
Experiment_2,2x2_pixel_surface_30000_color_mode_white_frequency_25_shape_squares_coordinate_(480_810).mp4,30000,white,squares,25,[2.35208299 1.14177738 3.95009123],[ 4.6419507  10.37701844  2.13947064],[9.53508291 1.80059681 1.02414525],[4.2764493  1.04277795 3.77776392],[38.27075052 15.78038969 11.24510395],[6.18258483 2.43388062 5.3400366 ]
Experiment_2,2x2_pixel_surface_10000_color_mode_green_frequency_19_shape_squares_coordinate_(1440_270).mp4,10000,green,squares,19,[3.39470939 2.34407734 1.82795035],[2.42874628 2.68513868 0.47323642],[2.23295375 1.24134987 1.49486918],[2.9963589  2.15544979 0.8310518 ],[1.40459034 0.77647541 1.54390024],[7.98099092 2.2581759  1.70140685]
Experiment_2,2x2_pixel_surface_30000_color_mode_green_frequency_25_shape_squares_coordinate_(480_270).mp4,30000,green,squares,25,[0.61191258 3.42116909 0.85137365],[3.25053201 4.19627962 0.91004887],[4.06482654 4.3378145  4.87917396],[1.84619869 3.28325356 2.56429393],[1.70781536 3.16352678 5.51771403],[2.07552479 2.16432648 6.09593324]
Experiment_2,2x2_pixel_surface_10000_color_mode_white_frequency_8_shape_squares_coordinate_(480_810).mp4,10000,white,squares,8,[1.5725819  0.68957652 1.32540258],[ 2.38611955  3.17189691 10.6419034 ],[1.25526941 1.93612726 2.55451974],[11.98837723  2.10809777  2.19008129],[1.14336633 1.69613814 5.30665817],[0.87344045 0.2544788  1.59517191]
Experiment_2,2x2_pixel_surface_10000_color_mode_green_frequency_8_shape_squares_coordinate_(1440_810).mp4,10000,green,squares,8,[5.57977087 1.94194556 1.43757514],[1.80733397 1.26940962 6.95349453],[1.91382668 0.8107329  1.64209844],[1.55228116 1.35521874 4.09946393],[0.82277131 2.42018021 2.8120872 ],[0.72191194 1.34330818 3.66340741]
Experiment_2,2x2_pixel_surface_20000_color_mode_white_frequency_25_shape_squares_coordinate_(1440_270).mp4,20000,white,squares,25,[3.6759731  6.58078512 2.16856319],[3.67080647 1.91300647 2.52421062],[3.58988937 3.05814282 2.6053332 ],[3.7097524  2.95198618 3.47291844],[19.57938451  8.62729119 11.32015735],[1.2052607  2.69472106 5.50998049]
Experiment_2,2x2_pixel_surface_30000_color_mode_white_frequency_19_shape_squares_coordinate_(1440_270).mp4,30000,white,squares,19,[1.8950602  0.97118357 0.91749185],[ 9.37515461  7.08124773 11.45550517],[7.22588293 1.51044261 0.28947312],[1.57005807 1.00600313 0.65453033],[0.79280173 4.34105653 1.13497029],[7.14527812 1.97240316 5.08650133]
Experiment_2,2x2_pixel_surface_20000_color_mode_green_frequency_19_shape_squares_coordinate_(480_810).mp4,20000,green,squares,19,[4.02624077 6.25317592 2.84774492],[1.10865364 0.85360957 1.43236252],[1.59785186 1.36013107 0.9084508 ],[5.13708673 0.39213156 3.5518553 ],[5.35106733 3.09682859 3.18317995],[9.15246813 3.97175031 5.83315521]
Experiment_2,2x2_pixel_surface_20000_color_mode_red_frequency_13_shape_squares_coordinate_(480_270).mp4,20000,red,squares,13,[3.71572382 3.1819309  0.5241913 ],[2.18856543 1.51183507 0.21208136],[0.9363985  1.05587516 2.05976215],[8.16626071 3.84937162 5.95097466],[1.92358722 0.58089951 2.13221961],[4.41772726 1.37965155 1.63553172]
Experiment_2,2x2_pixel_surface_10000_color_mode_green_frequency_8_shape_squares_coordinate_(480_270).mp4,10000,green,squares,8,[3.29587787 5.90893136 3.39523981],[8.24295892 2.2932863  9.53965148],[4.94723286 3.67052067 2.48062795],[1.76455058 3.69741158 2.49208475],[0.53206817 1.03690198 8.75951217],[1.17899155 0.97718693 0.54537442]
Experiment_2,2x2_pixel_surface_30000_color_mode_red_frequency_13_shape_squares_coordinate_(480_270).mp4,30000,red,squares,13,[0.85126644 3.38481783 1.01522869],[1.36292039 5.01180025 2.15083217],[10.41238539  0.9626225   0.54037912],[ 4.91346829  8.64033224 25.21358434],[8.81148828 3.71409454 3.64203415],[ 1.94850581 11.19049179  3.43964212]
Experiment_2,2x2_pixel_surface_20000_color_mode_red_frequency_25_shape_squares_coordinate_(1440_810).mp4,20000,red,squares,25,[4.97047309 4.13519213 2.50958673],[2.1452057  9.15087614 3.61759096],[2.05845283 4.2207531  0.37221729],[2.03287632 1.66661082 5.86162152],[3.15742609 4.86019954 1.49732435],[3.17503501 6.00542825 4.5533098 ]
Experiment_2,2x2_pixel_surface_20000_color_mode_green_frequency_19_shape_squares_coordinate_(480_270).mp4,20000,green,squares,19,[0.78032368 4.03032215 1.59031012],[1.6279967  1.68577481 6.63352736],[3.81380609 1.89513962 0.38876243],[1.29097013 1.71257935 3.33420504],[0.76088803 4.08972068 7.61727388],[1.5369814  6.00306807 4.65068274]
Experiment_2,2x2_pixel_surface_20000_color_mode_white_frequency_13_shape_squares_coordinate_(1440_270).mp4,20000,white,squares,13,[0.51563201 3.4469842  1.11673344],[3.08077726 6.14825002 3.52015793],[0.50248375 1.81878417 0.50752673],[1.6527077  0.76158247 4.72190304],[5.87046346 3.63765508 3.23314877],[10.68276377  0.97866332  0.58106826]
Experiment_2,2x2_pixel_surface_20000_color_mode_green_frequency_25_shape_squares_coordinate_(480_810).mp4,20000,green,squares,25,[2.47238542 8.70625132 1.92500735],[2.62235345 1.43402997 0.68159429],[3.95786467 2.02038449 1.07088881],[2.61401249 0.91319997 0.90771233],[ 7.20802836  6.25014554 17.27782146],[0.73952923 5.51938284 1.33964253]
Experiment_2,2x2_pixel_surface_20000_color_mode_red_frequency_19_shape_squares_coordinate_(1440_270).mp4,20000,red,squares,19,[5.86104036 3.63607995 1.2371079 ],[4.43609775 2.46753254 1.3501428 ],[3.65443087 1.02620877 4.43924923],[5.61206319 0.18277296 0.49169991],[1.27381757 1.15686395 4.7599836 ],[1.96022299 1.13210966 4.06711288]
Experiment_2,2x2_pixel_surface_20000_color_mode_green_frequency_25_shape_squares_coordinate_(480_270).mp4,20000,green,squares,25,[3.12037348 1.71213999 0.98037658],[7.52245678 0.23546826 0.7119251 ],[0.46651844 2.7005089  2.10456562],[4.44724426 4.54967099 1.87321483],[2.37510372 5.18184461 7.90529394],[ 1.08303725  0.47125648 10.62764937]
Experiment_2,2x2_pixel_surface_30000_color_mode_white_frequency_19_shape_squares_coordinate_(480_810).mp4,30000,white,squares,19,[2.56839102 0.78214749 2.45368538],[12.18357468  6.07245461  2.29657808],[6.27319877 1.69273397 1.78387036],[ 6.55595348 11.38960347  1.72375726],[8.20436222 2.3985091  1.16673145],[7.99026899 4.53528418 6.47136066]
Experiment_2,2x2_pixel_surface_20000_color_mode_white_frequency_19_shape_squares_coordinate_(1440_270).mp4,20000,white,squares,19,[2.46058787 3.94595049 3.03204987],[11.88034182 19.28739995  5.47300923],[6.78725578 4.73421461 0.1989468 ],[1.12111249 3.90614006 4.45223251],[1.73386275 7.59432816 1.79833552],[2.06799868 3.65735437 0.48822   ]
Experiment_2,2x2_pixel_surface_30000_color_mode_white_frequency_8_shape_squares_coordinate_(1440_270).mp4,30000,white,squares,8,[7.43059593 2.2904263  1.66200139],[13.20070808  6.70161022  3.65975633],[0.83216868 0.85920143 1.1095616 ],[2.62853907 4.1865099  3.7213751 ],[1.08948755 2.66840258 2.9557624 ],[0.40233867 1.69295976 1.22281966]
Experiment_2,2x2_pixel_surface_10000_color_mode_white_frequency_13_shape_squares_coordinate_(1440_270).mp4,10000,white,squares,13,[1.90045917 0.71913659 1.96307116],[2.37223318 3.28395062 0.54470045],[0.88554118 1.35785098 2.26318873],[4.07451518 4.53692321 1.39962041],[0.85781462 2.66835612 3.02272264],[2.60584663 1.32884084 1.25149247]
Experiment_2,2x2_pixel_surface_30000_color_mode_green_frequency_8_shape_squares_coordinate_(480_810).mp4,30000,green,squares,8,[3.93463205 1.58121133 1.10348871],[ 3.29812656 21.29819485 11.30779054],[1.67715166 4.76714496 0.25462362],[2.18662913 1.41213459 2.89998524],[3.22715896 0.82629872 2.20736233],[3.05476305 0.89153829 2.85606389]
Experiment_2,2x2_pixel_surface_20000_color_mode_green_frequency_13_shape_squares_coordinate_(1440_810).mp4,20000,green,squares,13,[0.22882474 0.63611303 2.24596481],[3.17187161 4.85737582 6.50080301],[2.9733626  1.38958785 1.3476103 ],[1.02851194 5.07993829 1.90716057],[2.16990031 4.23528318 1.57808055],[0.31705686 0.61250922 0.73314855]
Experiment_2,2x2_pixel_surface_20000_color_mode_white_frequency_13_shape_squares_coordinate_(1440_810).mp4,20000,white,squares,13,[ 5.90031748 12.53399184  0.74316699],[7.31809486 5.88637338 0.87405794],[5.94523284 0.27028178 2.54089256],[0.79008367 1.35787472 1.90360021],[2.6287415  2.60684415 3.79164531],[2.95654063 2.6690653  2.98478116]
Experiment_2,2x2_pixel_surface_20000_color_mode_green_frequency_19_shape_squares_coordinate_(1440_810).mp4,20000,green,squares,19,[2.45999803 3.66734954 1.49108569],[9.14243758 1.73027562 1.71318187],[0.83115846 1.0568041  4.52609466],[2.36033447 2.34391535 2.30077182],[1.14731976 2.2318901  6.39568456],[1.98255914 1.03329993 6.9871195 ]
Experiment_2,2x2_pixel_surface_20000_color_mode_white_frequency_25_shape_squares_coordinate_(480_810).mp4,20000,white,squares,25,[7.32263362 0.87183858 3.20224173],[2.28736189 2.75030039 2.74322565],[5.31851948 3.07706206 2.5617559 ],[2.98575136 0.83725561 1.69628454],[ 1.42149296 13.22509451 10.81982969],[0.43432931 0.66933979 5.59976025]
Experiment_2,2x2_pixel_surface_20000_color_mode_green_frequency_8_shape_squares_coordinate_(1440_270).mp4,20000,green,squares,8,[1.21948958 1.8025505  1.50696907],[2.51555714 5.79896964 4.02305642],[4.30755009 0.61517123 3.91468165],[2.26583014 2.92419155 1.37866559],[6.01122837 1.2488636  1.19060256],[2.80507514 1.43571891 0.96128935]
Experiment_2,2x2_pixel_surface_10000_color_mode_green_frequency_13_shape_squares_coordinate_(1440_810).mp4,10000,green,squares,13,[0.37607456 2.71610965 4.14947172],[1.00903955 5.88704184 1.83616335],[0.58313953 0.06427016 4.88067004],[7.12478137 2.13504655 3.58294059],[1.45740167 1.28954939 5.72941448],[0.74891083 0.83780838 2.43180872]
Experiment_2,2x2_pixel_surface_10000_color_mode_green_frequency_8_shape_squares_coordinate_(480_810).mp4,10000,green,squares,8,[1.38815623 0.93512006 0.69588312],[17.0578678   4.37351024  5.42862934],[ 1.86774918 10.027475    0.41048176],[3.58137174 3.80726616 0.92373245],[0.43793798 0.82749893 3.64726547],[0.40838661 1.37267761 0.66855111]
Experiment_2,2x2_pixel_surface_20000_color_mode_white_frequency_8_shape_squares_coordinate_(1440_810).mp4,20000,white,squares,8,[1.2926228  6.20572809 4.72883597],[5.10430054 1.86282914 2.86341414],[1.77484047 0.810613   2.30031334],[2.86161947 1.51905041 0.3953986 ],[0.50069589 0.50408339 6.53343734],[1.29090565 0.91895048 0.79503082]
Experiment_2,2x2_pixel_surface_10000_color_mode_red_frequency_25_shape_squares_coordinate_(480_810).mp4,10000,red,squares,25,[2.66822056 8.02718781 2.83811264],[0.39617422 3.99884004 1.08677079],[1.24332264 5.1031793  3.04958416],[7.5651649  3.73725612 1.55906452],[0.80349338 1.4419574  0.40007499],[ 1.4457337  10.30286733  0.94494226]
Experiment_2,2x2_pixel_surface_30000_color_mode_green_frequency_13_shape_squares_coordinate_(1440_810).mp4,30000,green,squares,13,[3.61368957 0.51136087 1.14891875],[0.61386089 2.04049345 0.56231846],[2.93533838 1.0856432  0.78806015],[10.41375721  1.43297359  1.81799748],[1.82354032 1.18263803 3.55889205],[2.28369543 4.22968817 1.50653843]
Experiment_2,2x2_pixel_surface_30000_color_mode_white_frequency_13_shape_squares_coordinate_(480_810).mp4,30000,white,squares,13,[0.37746714 5.94147458 4.09034775],[1.46924912 1.77007409 3.67157112],[4.39442769 1.86842722 0.61566602],[6.88596424 0.99263733 2.83033699],[3.9756907  1.88677097 2.63832919],[5.42725664 0.75511604 3.40053208]
Experiment_2,2x2_pixel_surface_10000_color_mode_red_frequency_8_shape_squares_coordinate_(1440_270).mp4,10000,red,squares,8,[ 3.40780128 12.17729105  0.62106946],[3.56901643 2.25049803 4.38657822],[ 0.30353735  0.42549576 12.59466226],[11.7432039   8.84327543  6.77683095],[2.52812965 0.61685918 0.33446594],[0.96569657 2.56153506 1.37537739]
Experiment_2,2x2_pixel_surface_10000_color_mode_red_frequency_25_shape_squares_coordinate_(480_270).mp4,10000,red,squares,25,[3.18837024 1.33283656 3.73079255],[0.73100947 2.90020612 0.6634762 ],[1.42562886 1.31205193 5.97814971],[1.64941666 2.95729939 1.61115951],[4.95191302 1.08782737 1.40326626],[1.49299888 4.05916579 1.18109892]
Experiment_2,2x2_pixel_surface_10000_color_mode_red_frequency_25_shape_squares_coordinate_(1440_810).mp4,10000,red,squares,25,[2.98820569 1.46062774 4.33615117],[0.92066751 1.78962592 1.69363796],[0.54783847 1.12281611 5.31709768],[ 8.19027843  1.55664815 13.45259013],[0.34973849 0.84483808 1.58986321],[1.75895154 0.9923282  0.2230554 ]
Experiment_2,2x2_pixel_surface_20000_color_mode_green_frequency_8_shape_squares_coordinate_(480_270).mp4,20000,green,squares,8,[1.88694144 1.58570183 3.76683347],[10.75657757  6.68588204 24.22027086],[0.84751904 5.87592503 2.18754451],[3.78263409 2.05850151 1.39849694],[1.5390638  1.16634282 1.06471371],[3.85764243 0.87342018 0.24550166]
Experiment_2,2x2_pixel_surface_10000_color_mode_green_frequency_25_shape_squares_coordinate_(480_270).mp4,10000,green,squares,25,[1.88607931 3.07623945 9.37674398],[3.09936221 1.3851159  1.53781881],[4.67644153 2.65498047 1.25141776],[1.69529016 4.80424689 1.75922842],[ 3.83237264  9.07111777 48.72778001],[0.78879551 1.36568795 6.27075634]
Experiment_2,2x2_pixel_surface_10000_color_mode_green_frequency_25_shape_squares_coordinate_(1440_270).mp4,10000,green,squares,25,[0.48487641 1.40292921 0.52171357],[2.26717915 2.37350198 0.82633874],[2.41249864 3.2928763  5.15692002],[1.39048108 2.56144278 2.41958026],[ 9.95036054 14.49447609 14.59195731],[1.3375205  1.72550014 4.0044994 ]
Experiment_2,2x2_pixel_surface_20000_color_mode_red_frequency_13_shape_squares_coordinate_(1440_270).mp4,20000,red,squares,13,[2.58249099 1.84816683 2.90971664],[1.32493974 1.54682831 2.86354081],[3.86891033 1.74511728 0.9153888 ],[8.92936444 3.95332525 1.95413625],[3.61183616 3.79116626 2.33909905],[2.80585947 1.89558888 3.41651799]
Experiment_2,2x2_pixel_surface_30000_color_mode_green_frequency_19_shape_squares_coordinate_(1440_270).mp4,30000,green,squares,19,[1.51317159 4.98885641 2.5569961 ],[1.71616024 3.68962049 1.98230854],[0.69911285 0.32112769 1.179744  ],[1.44032332 2.70401381 0.91829413],[1.67545273 1.21531035 2.47820888],[2.11101282 6.63747587 1.64857145]
Experiment_2,2x2_pixel_surface_30000_color_mode_red_frequency_13_shape_squares_coordinate_(1440_270).mp4,30000,red,squares,13,[1.72797123 1.59817631 1.5464378 ],[ 9.92705562 11.63309826  1.14819316],[1.07380979 6.06337414 1.68355807],[19.51066645 23.05257333  8.78674092],[2.57056274 3.7154885  5.19125588],[4.28714166 0.53632365 1.03072697]
Experiment_2,2x2_pixel_surface_10000_color_mode_red_frequency_13_shape_squares_coordinate_(1440_270).mp4,10000,red,squares,13,[1.92660419 4.88386761 1.66574225],[2.17097954 1.50464353 1.04504919],[0.36417169 2.74217646 3.68927289],[1.98498582 2.19725292 7.14984034],[2.68683434 3.47995275 3.28434038],[3.33240315 8.25496618 0.21007901]
Experiment_2,2x2_pixel_surface_30000_color_mode_green_frequency_13_shape_squares_coordinate_(480_270).mp4,30000,green,squares,13,[1.53164449 2.68101813 1.58374548],[2.5209347  0.38892226 2.56707726],[1.61139658 0.96326396 1.00826145],[1.03021655 2.65700626 0.49824495],[9.59055443 0.78715548 5.41667443],[3.00650196 4.0687214  0.42543706]
Experiment_2,2x2_pixel_surface_20000_color_mode_white_frequency_25_shape_squares_coordinate_(480_270).mp4,20000,white,squares,25,[6.00984316 4.96026791 1.78697235],[11.63702346  5.84160096  6.44922163],[1.89268053 5.99468084 4.71653584],[3.37767937 1.30962366 1.73321208],[17.77522616 22.3618213   7.54214704],[4.8135545  2.15568483 0.32776219]
Experiment_2,2x2_pixel_surface_10000_color_mode_white_frequency_8_shape_squares_coordinate_(480_270).mp4,10000,white,squares,8,[5.60904505 2.12292955 3.9031256 ],[0.60809052 3.05302092 6.91730869],[7.58657823 1.34973863 2.40099008],[2.455425   3.85959907 1.25401954],[2.05308509 2.35082527 2.7815226 ],[1.21953066 5.13134958 1.05102159]
Experiment_2,2x2_pixel_surface_20000_color_mode_red_frequency_8_shape_squares_coordinate_(480_810).mp4,20000,red,squares,8,[1.3219554  3.08310815 2.85919615],[1.75640344 5.00935373 7.98414007],[1.53999802 0.64105366 1.472388  ],[25.53603423  4.4543042   1.01742636],[1.25291156 0.23334632 0.31635808],[6.44459612 1.08664462 1.11020929]
Experiment_2,2x2_pixel_surface_20000_color_mode_white_frequency_8_shape_squares_coordinate_(480_810).mp4,20000,white,squares,8,[10.28344288  2.94198227 12.18932698],[1.02398561 0.88440517 6.99155734],[0.5676315  0.37688969 1.47253121],[3.44334298 8.58305467 4.63894761],[1.17911405 2.34875647 2.52264841],[2.83851612 2.77319857 2.75634846]
Experiment_2,2x2_pixel_surface_20000_color_mode_green_frequency_13_shape_squares_coordinate_(480_270).mp4,20000,green,squares,13,[5.32960453 0.54428381 1.90518386],[0.66122651 6.21878203 0.17348226],[1.63486815 2.24157989 2.20691232],[3.7538499  0.40919819 1.56434027],[2.02767421 2.17953371 1.9276938 ],[9.78341628 0.72736978 1.21559263]
Experiment_2,2x2_pixel_surface_10000_color_mode_red_frequency_13_shape_squares_coordinate_(480_270).mp4,10000,red,squares,13,[3.72539803 3.82629829 0.42981538],[0.41124702 0.7659104  1.643412  ],[0.58975522 2.51983285 0.86710056],[2.01309144 4.06276574 1.09681314],[3.14336828 1.77055466 2.90177151],[1.36371786 7.17801636 7.37637094]
Experiment_2,2x2_pixel_surface_20000_color_mode_red_frequency_19_shape_squares_coordinate_(480_270).mp4,20000,red,squares,19,[ 4.0922072   1.27868667 12.2889556 ],[1.08899176 6.6614683  1.96170023],[5.02233892 3.47264959 7.73028849],[4.44533874 4.72504651 0.55662878],[3.3438719  0.99026598 0.68438705],[3.62458326 0.72326942 1.14093623]
Experiment_2,2x2_pixel_surface_30000_color_mode_red_frequency_19_shape_squares_coordinate_(480_270).mp4,30000,red,squares,19,[2.4585511  7.93377399 4.52172041],[0.94249122 2.4402056  3.98907325],[2.27094385 2.24970695 1.17276502],[8.30702419 6.88441564 3.97458536],[ 1.77339024 11.29110731  8.77386946],[1.47546895 1.89450746 1.75879781]
Experiment_2,2x2_pixel_surface_10000_color_mode_white_frequency_8_shape_squares_coordinate_(1440_810).mp4,10000,white,squares,8,[0.85167498 5.95895806 2.50269232],[2.09432724 6.73958589 3.59170024],[1.48934219 1.53813889 0.99078789],[2.39202771 2.82262306 3.31114796],[7.42983871 2.10296687 4.16123647],[2.89260466 0.56390251 3.61669332]
Experiment_2,2x2_pixel_surface_20000_color_mode_red_frequency_8_shape_squares_coordinate_(1440_270).mp4,20000,red,squares,8,[1.45384672 1.38299961 2.95400577],[6.35581354 3.71566168 2.07576763],[1.98986028 3.26584826 1.32648916],[0.73983852 4.04025999 9.06272472],[1.74297348 2.31201286 0.9466147 ],[0.94733298 1.57830696 1.92713726]
Experiment_2,2x2_pixel_surface_20000_color_mode_green_frequency_8_shape_squares_coordinate_(480_810).mp4,20000,green,squares,8,[2.63426228 1.02288975 2.39728288],[16.08347308 21.82056818 17.46996645],[3.6193668  0.63177958 1.97884595],[2.4095326  0.44862309 0.72843126],[1.64590304 2.97259905 1.17048552],[0.87335727 0.47967767 2.20553463]
Experiment_2,2x2_pixel_surface_10000_color_mode_green_frequency_25_shape_squares_coordinate_(1440_810).mp4,10000,green,squares,25,[0.55498616 1.46690957 3.41845894],[2.64739041 6.16643062 0.46455215],[2.30020488 1.16331148 1.23421844],[2.18136412 2.98864886 2.67170479],[ 8.8972447  10.33196281  2.09783654],[0.83445915 3.21463452 1.2218126 ]
Experiment_2,2x2_pixel_surface_20000_color_mode_white_frequency_8_shape_squares_coordinate_(1440_270).mp4,20000,white,squares,8,[4.97700941 1.94333838 1.04109774],[1.39996531 3.20720142 2.3055805 ],[2.92394974 1.28420502 6.27204774],[2.98029091 1.82870944 1.52154475],[2.56380276 1.18484031 2.96530468],[1.30818792 1.66089699 1.62543905]
Experiment_2,2x2_pixel_surface_30000_color_mode_red_frequency_19_shape_squares_coordinate_(480_810).mp4,30000,red,squares,19,[3.55906678 2.72298151 7.42395038],[4.91343354 3.53060099 3.96740825],[3.45216587 9.49892779 0.35274949],[7.5980794  2.34879905 4.51502063],[4.94839324 1.83299103 7.27645847],[3.42546025 1.14355513 2.30040284]
Experiment_2,2x2_pixel_surface_30000_color_mode_white_frequency_13_shape_squares_coordinate_(480_270).mp4,30000,white,squares,13,[2.44047661 0.32167147 2.71273014],[4.04392855 1.70168784 6.62362676],[1.04012408 0.9973565  2.46890625],[3.64245036 5.40482574 1.97071015],[0.83288345 3.19736638 1.82089384],[ 2.5182187  12.15122163  0.69599702]
Experiment_2,2x2_pixel_surface_20000_color_mode_white_frequency_8_shape_squares_coordinate_(480_270).mp4,20000,white,squares,8,[1.88511248 2.06939661 4.60610787],[ 1.04955351 10.64163184  0.33479836],[0.8621006  1.1516355  0.64132918],[1.04793962 4.68594859 3.89192572],[2.68765471 2.39876351 2.85055737],[1.60075189 0.98890844 1.2460603 ]
Experiment_2,2x2_pixel_surface_20000_color_mode_red_frequency_8_shape_squares_coordinate_(1440_810).mp4,20000,red,squares,8,[13.71259448  7.66776096  5.57406781],[ 1.34110542 38.54764529 10.39612912],[0.79557349 4.05703106 3.02679177],[2.93153301 6.17138833 6.28871201],[1.33066015 1.12954956 1.82142991],[1.36986771 0.40590459 5.26014794]
Experiment_2,2x2_pixel_surface_20000_color_mode_green_frequency_19_shape_squares_coordinate_(1440_270).mp4,20000,green,squares,19,[3.18351412 5.56472718 1.72464558],[0.55112243 1.17699498 1.03505114],[1.87774471 1.33386643 0.517793  ],[16.06964122  5.56981952  0.25884607],[5.99120748 3.68049282 3.38540006],[1.43643794 5.75385339 1.14946607]
Experiment_2,2x2_pixel_surface_30000_color_mode_green_frequency_25_shape_squares_coordinate_(1440_270).mp4,30000,green,squares,25,[1.37053391 3.58448165 1.47562414],[1.01129542 1.02682267 1.76990817],[3.76518728 7.22889046 0.33663225],[0.25018106 1.54012777 3.07344253],[6.36025767 9.26920104 3.79203286],[4.87871863 1.30956807 1.84605953]
Experiment_2,2x2_pixel_surface_10000_color_mode_red_frequency_19_shape_squares_coordinate_(480_810).mp4,10000,red,squares,19,[1.11007448 0.60473001 3.80896667],[4.34164273 6.96992497 1.2487237 ],[0.26664748 0.55230785 1.3291249 ],[2.50553779 4.37382925 7.6164482 ],[6.23128659 2.26281458 5.9974657 ],[9.4897248 4.5239505 1.6589278]
Experiment_2,2x2_pixel_surface_30000_color_mode_red_frequency_8_shape_squares_coordinate_(1440_270).mp4,30000,red,squares,8,[1.27785079 0.2095884  3.54098631],[5.74535641 5.00847814 0.53843255],[0.97942838 1.15468285 5.65248202],[9.53851889 4.02746271 7.58160835],[ 8.83119101  1.52232519 23.12292412],[0.62138897 0.9940546  0.47690507]
Experiment_2,2x2_pixel_surface_10000_color_mode_white_frequency_13_shape_squares_coordinate_(480_270).mp4,10000,white,squares,13,[4.39613295 0.84697386 0.83281727],[ 0.64537757 17.62668848  1.16452109],[0.865667   2.1969072  1.75994563],[3.27728403 3.2307264  0.91682771],[4.43333151 2.47947441 2.23717362],[1.52179958 5.06029934 0.86361405]
Experiment_2,2x2_pixel_surface_30000_color_mode_white_frequency_19_shape_squares_coordinate_(480_270).mp4,30000,white,squares,19,[5.47000278 3.89965875 0.80264275],[24.30623085 11.63426271  1.10263213],[2.41741783 1.95243205 1.89072088],[ 6.56904376 16.38619003 27.7113001 ],[3.09609883 2.50741586 2.68256061],[14.51087076  4.21939068  4.04888304]
Experiment_2,2x2_pixel_surface_10000_color_mode_red_frequency_8_shape_squares_coordinate_(480_270).mp4,10000,red,squares,8,[1.5450156  0.75418745 3.91240895],[1.14974511 0.76088009 2.29432489],[1.65770599 5.20337638 4.44863271],[1.4050442  2.78383917 1.63667598],[2.16986907 1.61691409 1.43951858],[1.04668237 0.6264162  0.30738478]
Experiment_2,2x2_pixel_surface_30000_color_mode_white_frequency_8_shape_squares_coordinate_(480_810).mp4,30000,white,squares,8,[5.6528353  2.22151333 1.48332154],[8.65150572 4.65942935 1.30394221],[0.38212893 2.03636765 0.26624957],[1.6207471  6.04751979 1.04185818],[0.39034358 1.81638721 1.27544345],[1.96904462 1.04986915 1.00117254]
Experiment_2,2x2_pixel_surface_30000_color_mode_red_frequency_25_shape_squares_coordinate_(1440_810).mp4,30000,red,squares,25,[0.71367795 3.31027792 3.70435074],[1.39967072 0.71741665 0.7751769 ],[7.09278923 1.33783613 4.08307025],[ 4.98233185  3.73323403 14.03492667],[8.20972583 3.61757691 4.08538435],[2.2912257  3.08467774 4.09450185]
Experiment_2,2x2_pixel_surface_30000_color_mode_green_frequency_19_shape_squares_coordinate_(480_270).mp4,30000,green,squares,19,[2.28418096 5.83813004 1.78583561],[ 0.3673375   3.4020801  10.64341588],[2.82310088 0.40231036 3.55103379],[1.00400471 1.58947318 6.91779312],[1.03752275 4.64648717 3.05380201],[3.97562775 7.71376831 4.88022655]
Experiment_2,2x2_pixel_surface_20000_color_mode_green_frequency_25_shape_squares_coordinate_(1440_270).mp4,20000,green,squares,25,[0.8058844  1.67536689 0.44749124],[12.5117307   2.7303846   1.10695779],[ 3.193725    1.68375054 16.64233427],[2.72654641 6.19458266 2.06767854],[16.81271718 17.75342246  7.89604584],[1.74435863 3.80098821 4.19622792]
Experiment_2,2x2_pixel_surface_30000_color_mode_green_frequency_13_shape_squares_coordinate_(480_810).mp4,30000,green,squares,13,[3.38102264 2.45151497 1.20738886],[3.43177055 2.53425334 0.42230206],[4.73728473 3.70228513 3.84616325],[1.58554373 0.5435396  5.92171407],[3.6955672  1.33932598 2.64928456],[4.20730754 1.69410224 4.23131111]
Experiment_2,2x2_pixel_surface_20000_color_mode_red_frequency_19_shape_squares_coordinate_(480_810).mp4,20000,red,squares,19,[53.82205514  3.41240734  1.58078855],[5.78143377 1.51312311 1.12589794],[2.88820005 3.18810688 5.8358869 ],[ 2.94631424  8.291333   10.3036574 ],[3.86098744 4.98868846 6.59847413],[2.05993996 0.99096606 2.27984942]
Experiment_2,2x2_pixel_surface_30000_color_mode_white_frequency_25_shape_squares_coordinate_(1440_810).mp4,30000,white,squares,25,[3.21682762 1.24667943 1.33401728],[1.6632567  5.23949089 2.61845997],[1.02464135 5.73072272 1.16148223],[2.37527075 0.55234469 2.4182993 ],[11.512337   22.6403176  17.81812146],[1.9285558  2.52318944 7.42059753]
Experiment_2,2x2_pixel_surface_10000_color_mode_green_frequency_19_shape_squares_coordinate_(480_810).mp4,10000,green,squares,19,[2.12998669 1.17031989 3.18310661],[1.05836354 3.90659085 5.34625097],[0.72317728 2.65674191 0.41830527],[2.16332327 4.52644143 2.04557517],[1.77645694 3.48855318 0.77641948],[3.13133895 1.41729562 1.11301297]
Experiment_2,2x2_pixel_surface_10000_color_mode_green_frequency_25_shape_squares_coordinate_(480_810).mp4,10000,green,squares,25,[2.71431381 2.44634379 0.47419094],[ 1.74867805 12.64241996  3.30438867],[2.48885867 3.00835157 2.26152227],[8.02563382 4.68795015 1.8871659 ],[19.76147977  2.57513942  1.83907477],[2.34787885 0.47565548 1.32904252]
Experiment_2,2x2_pixel_surface_20000_color_mode_green_frequency_13_shape_squares_coordinate_(480_810).mp4,20000,green,squares,13,[0.88490381 2.59019794 1.38198255],[0.82867288 0.19432948 5.38450472],[2.83075071 1.7876546  1.17115283],[2.61542592 3.88863625 0.8951907 ],[2.4605616  1.39983616 0.76096734],[7.28031688 3.0199263  7.17794746]
Experiment_2,2x2_pixel_surface_20000_color_mode_white_frequency_13_shape_squares_coordinate_(480_810).mp4,20000,white,squares,13,[0.45130264 0.96523944 0.85926361],[3.98423851 2.343393   7.8651703 ],[1.12672353 1.30652989 7.44969145],[15.87272459  1.96613206  3.207063  ],[3.74446986 1.77251797 3.08395063],[6.4716753  3.51093172 7.43030139]
Experiment_2,2x2_pixel_surface_30000_color_mode_red_frequency_8_shape_squares_coordinate_(1440_810).mp4,30000,red,squares,8,[1.12305397 2.4131134  3.80025065],[9.21127208 9.6374394  2.97369092],[1.65162002 2.79350051 2.32309935],[3.04900195 0.29561373 1.6443435 ],[3.67293347 1.11093025 0.9545713 ],[3.23657697 1.12769844 1.42726712]
Experiment_2,2x2_pixel_surface_10000_color_mode_white_frequency_25_shape_squares_coordinate_(480_270).mp4,10000,white,squares,25,[5.71407949 4.30769932 3.33959543],[1.68312247 2.74393537 1.05271323],[0.86225893 4.27169436 0.9263118 ],[1.57743424 3.33715467 2.28288784],[8.08924854 3.48566109 7.96029338],[1.09809798 7.28322022 0.55402343]
Experiment_2,2x2_pixel_surface_30000_color_mode_green_frequency_25_shape_squares_coordinate_(480_810).mp4,30000,green,squares,25,[3.30951108 4.44836947 1.19791823],[0.49878528 0.25645017 1.86618843],[4.24515837 2.38571045 2.90492891],[6.61043114 1.53058227 5.14015969],[26.01509874  6.17846777  7.47911042],[6.37694932 2.38859803 5.50630446]
Experiment_2,2x2_pixel_surface_10000_color_mode_green_frequency_13_shape_squares_coordinate_(480_810).mp4,10000,green,squares,13,[2.63246226 2.83283788 0.76276347],[1.41252138 0.89981656 5.22954522],[0.75286722 0.72231545 1.66764821],[0.89436527 0.12467717 1.20844369],[4.52748377 4.28697207 2.84563739],[5.05049039 1.62508152 1.78086382]
Experiment_2,2x2_pixel_surface_10000_color_mode_green_frequency_8_shape_squares_coordinate_(1440_270).mp4,10000,green,squares,8,[5.5077034  3.76973877 2.00726129],[ 8.75393752 14.25698599  7.99037969],[2.33248115 1.4913987  1.26790686],[7.61617324 4.36613671 2.3215274 ],[0.76788094 2.46964888 5.658485  ],[3.64104755 1.57260727 1.31431679]
Experiment_2,2x2_pixel_surface_30000_color_mode_white_frequency_25_shape_squares_coordinate_(1440_270).mp4,30000,white,squares,25,[1.76317095 2.48984614 5.08814703],[6.0255011  7.77671435 4.22572484],[4.66981425 4.33238522 3.3613236 ],[2.11333337 0.57609372 2.89931275],[ 7.81467165 19.41867724 10.72250916],[1.82159376 6.79020741 1.87708447]
Experiment_2,2x2_pixel_surface_10000_color_mode_red_frequency_13_shape_squares_coordinate_(480_810).mp4,10000,red,squares,13,[0.79926253 1.1707303  0.81540474],[1.763362   1.0128293  3.40687245],[3.92899316 1.19187462 0.87908756],[3.37566101 5.08607169 3.13033267],[4.575258   0.93681068 0.81765761],[0.80127156 0.53487453 1.05018576]
Experiment_2,2x2_pixel_surface_20000_color_mode_red_frequency_25_shape_squares_coordinate_(480_810).mp4,20000,red,squares,25,[2.53351722 1.68330627 4.90747348],[9.55446526 5.67677782 0.81010106],[1.72291151 0.53760059 2.78467512],[0.83251494 6.2102561  2.49490813],[1.57180287 2.62020539 1.57358321],[4.17678319 0.62959057 0.52700702]
Experiment_2,2x2_pixel_surface_20000_color_mode_red_frequency_25_shape_squares_coordinate_(1440_270).mp4,20000,red,squares,25,[1.91864927 7.52689085 1.71561721],[4.48447598 2.33927145 3.87186124],[9.96478128 3.1686274  9.28015026],[7.70137685 5.11149992 2.73951532],[3.16666554 7.78005686 2.03521045],[3.38884525 2.88921138 3.87661189]
