TRIAL_INDEX,VIDEO_NAME,BLOCK,PIXEL_SURFACE,COLOR,SHAPE,FREQUENCY,DISPLAYED_FRAMES,DROPPED_FRAMES,MAX_SNR,FREQUENCY_SAMPLED_AT,MEAN_GAZE_DISTANCE,AVERAGE_GAZE_DISTANCE,VARIANCE_GAZE_DISTANCE,MEAN_GAZE_ANGLE,AVERAGE_GAZE_ANGLE,VARIANCE_GAZE_ANGLE,MEAN_X,X_AVERAGE,X,X_VARIANCE,Y_MEAN,Y_AVERAGE,Y,Y_VARIANCE,NUMBER_OF_GAZE_POINTS,POINTS_ON_TARGET
1,1x1_pixel_surface_30000_color_mode_white_frequency_19_shape_triangles.mp4,1,30000,white,triangles,19,226,12,1.8410256254142832,19.15,,,,,,,,,,,,,,,,
2,1x1_pixel_surface_10000_color_mode_green_frequency_25_shape_circles.mp4,1,10000,green,circles,25,226,12,0.4331060848585261,24.85,,,,,,,,,,,,,,,,
3,1x1_pixel_surface_30000_color_mode_green_frequency_19_shape_triangles.mp4,1,30000,green,triangles,19,227,11,1.1893834781539223,19.15,,,,,,,,,,,,,,,,
4,1x1_pixel_surface_20000_color_mode_red_frequency_8_shape_circles.mp4,1,20000,red,circles,8,225,13,4.442585931981316,7.85,,,,,,,,,,,,,,,,
5,1x1_pixel_surface_10000_color_mode_red_frequency_8_shape_circles.mp4,2,10000,red,circles,8,225,12,1.4162976552572843,7.85,50.4374668933021,50.4374668933021,9737.25200022186,1.5735845940512203,1.5735845940512203,0.9047061676999455,959.5136759142497,959.5136759142497,960.0,380.22743308286255,587.849892812106,587.849892812106,540.0,9611.113880505536,7930.0,7284.0
6,1x1_pixel_surface_20000_color_mode_red_frequency_19_shape_triangles.mp4,2,20000,red,triangles,19,226,12,13.972754396644302,18.85,20.65969350085301,20.65969350085301,83.80969227744505,1.1396962975772305,1.1396962975772305,4.0951608649895554,949.8938253768844,949.8938253768844,960.0,24.253511183074608,553.6789824120603,553.6789824120603,540.0,197.1297913011982,7960.0,7960.0
7,1x1_pixel_surface_20000_color_mode_green_frequency_13_shape_triangles.mp4,2,20000,green,triangles,13,226,12,3.18155044556453,12.85,,,,,,,,,,,,,,,,
8,1x1_pixel_surface_30000_color_mode_green_frequency_8_shape_circles.mp4,2,30000,green,circles,8,223,15,2.864502088960519,8.0,,,,,,,,,,,,,,,,
9,1x1_pixel_surface_20000_color_mode_green_frequency_25_shape_circles.mp4,2,20000,green,circles,25,227,11,1.3814439061794657,25.15,53.72188769977654,53.72188769977654,6512.404468450586,0.9842184266735575,0.9842184266735575,2.1307264134563826,960.8449308176101,960.8449308176101,960.0,536.3776755612514,583.0898553459119,583.0898553459119,540.0,7004.618469098571,7950.0,7075.0
10,1x1_pixel_surface_20000_color_mode_green_frequency_8_shape_triangles.mp4,2,20000,green,triangles,8,225,13,1.6715895807486971,8.15,,,,,,,,,,,,,,,,
11,1x1_pixel_surface_30000_color_mode_white_frequency_8_shape_triangles.mp4,2,30000,white,triangles,8,226,12,1.1655858681309337,7.85,,,,,,,,,,,,,,,,
12,1x1_pixel_surface_20000_color_mode_green_frequency_13_shape_squares.mp4,2,20000,green,squares,13,226,12,0.8902067790955268,12.85,69.93343459503303,69.93343459503303,11351.72337728979,-1.6183021738739327,-1.6183021738739327,2.5775154859621168,942.8911550075491,942.8911550075491,960.0,2166.9982270001296,546.4642866129844,546.4642866129844,540.0,13740.910846156905,7948.0,6109.0
13,1x1_pixel_surface_10000_color_mode_white_frequency_13_shape_squares.mp4,2,10000,white,squares,13,226,12,2.550053366533921,13.15,78.42591529592217,78.42591529592217,27613.813993359534,-1.5157003881098028,-1.5157003881098028,3.8237525070312173,926.4421092373522,926.4421092373522,960.0,1181.11387304923,560.5051220739995,560.5051220739995,540.0,31036.732246606043,7946.0,5182.0
14,1x1_pixel_surface_10000_color_mode_white_frequency_19_shape_triangles.mp4,2,10000,white,triangles,19,226,12,7.249355530569964,19.15,59.75142222138658,59.75142222138658,2105.3981436041686,1.4542159222470774,1.4542159222470774,3.5619106654488744,939.6346173212487,939.6346173212487,960.0,955.2148577840705,582.7132175226586,582.7132175226586,540.0,2481.2479805085754,7944.0,5218.0
15,1x1_pixel_surface_20000_color_mode_white_frequency_13_shape_squares.mp4,2,20000,white,squares,13,227,11,1.485149680039431,12.85,,,,,,,,,,,,,,,,
16,1x1_pixel_surface_30000_color_mode_red_frequency_8_shape_triangles.mp4,2,30000,red,triangles,8,225,13,3.199894041732822,8.0,29.75744044352489,29.75744044352489,70.64610938019764,1.9966697172488348,1.9966697172488348,0.13756752979029502,948.5216335263025,948.5216335263025,960.0,22.026135942213518,566.6540649383337,566.6540649383337,540.0,91.93316054650033,7946.0,7946.0
17,1x1_pixel_surface_20000_color_mode_white_frequency_25_shape_squares.mp4,2,20000,white,squares,25,227,11,1.6446758374531352,24.85,,,,,,,,,,,,,,,,
18,1x1_pixel_surface_10000_color_mode_white_frequency_25_shape_circles.mp4,2,10000,white,circles,25,227,11,0.2955961296249567,25.15,,,,,,,,,,,,,,,,
19,1x1_pixel_surface_20000_color_mode_red_frequency_8_shape_triangles.mp4,2,20000,red,triangles,8,225,13,1.2966530245745944,8.0,,,,,,,,,,,,,,,,
20,1x1_pixel_surface_30000_color_mode_red_frequency_8_shape_circles.mp4,2,30000,red,circles,8,225,13,1.8115793559218805,8.0,,,,,,,,,,,,,,,,
21,1x1_pixel_surface_10000_color_mode_red_frequency_8_shape_triangles.mp4,2,10000,red,triangles,8,225,13,2.985059263036363,8.0,,,,,,,,,,,,,,,,
22,1x1_pixel_surface_30000_color_mode_red_frequency_19_shape_triangles.mp4,2,30000,red,triangles,19,225,13,3.2081403364681464,19.15,139.45482752401705,139.45482752401705,2427.9673488094586,1.4922782544377369,1.4922782544377369,0.07808918190321558,975.2568336269823,975.2568336269823,960.0,1533.9772305479555,673.4610369997483,673.4610369997483,540.0,2297.019668645246,7946.0,169.0
23,1x1_pixel_surface_20000_color_mode_green_frequency_25_shape_triangles.mp4,2,20000,green,triangles,25,226,12,1.0438980259836523,25.15,,,,,,,,,,,,,,,,
24,1x1_pixel_surface_20000_color_mode_white_frequency_13_shape_circles.mp4,2,20000,white,circles,13,227,11,1.1906754401518136,12.85,91.06431458532226,91.06431458532226,142.2208111956164,1.7661563385908199,1.7661563385908199,0.04818082540517182,942.7841916393855,942.7841916393855,960.0,383.7603075749591,627.077883404684,627.077883404684,540.0,172.22805876605804,7942.0,1490.0
25,1x1_pixel_surface_30000_color_mode_green_frequency_13_shape_circles.mp4,2,30000,green,circles,13,226,12,5.154517289590075,13.15,,,,,,,,,,,,,,,,
26,1x1_pixel_surface_20000_color_mode_red_frequency_13_shape_squares.mp4,2,20000,red,squares,13,227,11,2.6382646252089366,12.85,96.61806922468587,96.61806922468587,5482.025831313452,1.954132074087923,1.954132074087923,0.07143772016223703,936.1309997481743,936.1309997481743,960.0,627.2912783759757,630.8718395870059,630.8718395870059,540.0,5362.365450695496,7942.0,3785.0
27,1x1_pixel_surface_20000_color_mode_green_frequency_13_shape_circles.mp4,2,20000,green,circles,13,226,12,3.9131507290669583,12.85,,,,,,,,,,,,,,,,
28,1x1_pixel_surface_20000_color_mode_red_frequency_13_shape_triangles.mp4,2,20000,red,triangles,13,225,13,0.29264005727106945,12.85,,,,,,,,,,,,,,,,
29,1x1_pixel_surface_30000_color_mode_white_frequency_13_shape_triangles.mp4,2,30000,white,triangles,13,225,13,0.5487279394058582,12.85,74.5341641551126,74.5341641551126,256.12649728292035,1.364601514055833,1.364601514055833,0.15842531086245565,977.1641643594261,977.1641643594261,960.0,821.6720844829281,606.485810470677,606.485810470677,540.0,274.8245070010783,7946.0,5522.0
30,1x1_pixel_surface_30000_color_mode_white_frequency_13_shape_squares.mp4,2,30000,white,squares,13,227,11,23.14760916638346,12.85,160.43954856258202,160.43954856258202,20592.9120312933,1.154974291198506,1.154974291198506,1.1884759702477439,956.3176030668677,956.3176030668677,960.0,1927.894956283369,676.8774446958271,676.8774446958271,540.0,25656.870904342715,7956.0,2161.0
31,1x1_pixel_surface_30000_color_mode_red_frequency_8_shape_squares.mp4,2,30000,red,squares,8,227,11,0.6037919364596834,7.85,,,,,,,,,,,,,,,,
32,1x1_pixel_surface_20000_color_mode_white_frequency_8_shape_circles.mp4,2,20000,white,circles,8,226,12,1.7906801177690033,8.15,62.69166447076291,62.69166447076291,368.3576722628599,1.4315948731195347,1.4315948731195347,4.316812424858272,911.759653092006,911.759653092006,960.0,733.4905578987599,567.3846342383108,567.3846342383108,540.0,488.0626463091545,7956.0,5841.0
33,1x1_pixel_surface_20000_color_mode_white_frequency_19_shape_circles.mp4,2,20000,white,circles,19,226,12,7.209533216057862,19.15,79.74901839801402,79.74901839801402,378.4347131085003,1.7731831656922727,1.7731831656922727,0.08060269992873456,942.2261683417087,942.2261683417087,960.0,716.1640878309576,613.9157726130653,613.9157726130653,540.0,242.72602792065703,7960.0,3985.0
34,1x1_pixel_surface_10000_color_mode_green_frequency_13_shape_triangles.mp4,2,10000,green,triangles,13,226,12,3.5862068001717358,13.15,,,,,,,,,,,,,,,,
35,1x1_pixel_surface_30000_color_mode_red_frequency_25_shape_circles.mp4,2,30000,red,circles,25,226,12,4.344747988348354,24.85,,,,,,,,,,,,,,,,
36,1x1_pixel_surface_30000_color_mode_white_frequency_25_shape_triangles.mp4,2,30000,white,triangles,25,226,12,5.279774010627345,25.15,,,,,,,,,,,,,,,,
37,1x1_pixel_surface_20000_color_mode_green_frequency_19_shape_triangles.mp4,2,20000,green,triangles,19,226,12,3.4367169866755196,19.15,,,,,,,,,,,,,,,,
38,1x1_pixel_surface_20000_color_mode_red_frequency_13_shape_circles.mp4,2,20000,red,circles,13,225,13,1.3660932497268787,12.85,,,,,,,,,,,,,,,,
39,1x1_pixel_surface_30000_color_mode_red_frequency_13_shape_triangles.mp4,2,30000,red,triangles,13,226,12,0.7913052331918046,12.85,112.46821009085363,112.46821009085363,21230.66661985314,1.8279767824215263,1.8279767824215263,0.13201578238280454,948.6744336773219,948.6744336773219,960.0,753.5283411403911,646.3851245909892,646.3851245909892,540.0,21680.17337298347,7946.0,4742.0
40,1x1_pixel_surface_30000_color_mode_green_frequency_8_shape_squares.mp4,2,30000,green,squares,8,227,11,1.5424109876467678,8.0,,,,,,,,,,,,,,,,
41,1x1_pixel_surface_30000_color_mode_green_frequency_25_shape_squares.mp4,2,30000,green,squares,25,226,12,2.4134905631762402,25.15,,,,,,,,,,,,,,,,
42,1x1_pixel_surface_10000_color_mode_red_frequency_13_shape_squares.mp4,2,10000,red,squares,13,227,11,0.6593860109215806,13.15,,,,,,,,,,,,,,,,
43,1x1_pixel_surface_10000_color_mode_red_frequency_25_shape_triangles.mp4,2,10000,red,triangles,25,226,12,0.18990682106158613,25.15,,,,,,,,,,,,,,,,
44,1x1_pixel_surface_30000_color_mode_white_frequency_8_shape_squares.mp4,2,30000,white,squares,8,227,11,0.9625431661385273,8.0,,,,,,,,,,,,,,,,
45,1x1_pixel_surface_10000_color_mode_white_frequency_13_shape_triangles.mp4,2,10000,white,triangles,13,226,12,0.6268196686218086,12.85,,,,,,,,,,,,,,,,
46,1x1_pixel_surface_20000_color_mode_red_frequency_25_shape_triangles.mp4,2,20000,red,triangles,25,226,12,4.331130930440665,24.85,152.5111103456128,152.5111103456128,1090.6095155760233,1.584076856408375,1.584076856408375,0.022853506081227278,958.3126819779116,958.3126819779116,960.0,532.8394742703479,690.7530559738956,690.7530559738956,540.0,1088.0778925812042,7968.0,0.0
47,1x1_pixel_surface_10000_color_mode_white_frequency_8_shape_circles.mp4,2,10000,white,circles,8,227,11,2.1787601496808233,7.85,157.60794304404465,157.60794304404465,268.4235720749061,1.5110960043593649,1.5110960043593649,0.023929194298566523,970.1135002516356,970.1135002516356,960.0,636.2281588353043,695.3543847508806,695.3543847508806,540.0,235.19137514990334,7948.0,0.0
48,1x1_pixel_surface_10000_color_mode_green_frequency_13_shape_squares.mp4,2,10000,green,squares,13,226,12,0.6331064697337879,13.15,167.47455968550085,167.47455968550085,16124.938576858272,1.42154276163376,1.42154276163376,0.03218283250140427,985.3499811130697,985.3499811130697,960.0,939.8963060308696,703.4260828506673,703.4260828506673,540.0,15882.064314333604,7942.0,0.0
49,1x1_pixel_surface_20000_color_mode_white_frequency_13_shape_triangles.mp4,2,20000,white,triangles,13,226,11,2.3538436921362433,13.15,,,,,,,,,,,,,,,,
50,1x1_pixel_surface_10000_color_mode_green_frequency_8_shape_triangles.mp4,2,10000,green,triangles,8,225,13,2.2123746578393217,8.0,,,,,,,,,,,,,,,,
51,1x1_pixel_surface_20000_color_mode_green_frequency_19_shape_squares.mp4,2,20000,green,squares,19,227,11,3.3040732414350567,18.85,,,,,,,,,,,,,,,,
52,1x1_pixel_surface_30000_color_mode_white_frequency_19_shape_squares.mp4,2,30000,white,squares,19,227,11,4.254170725854824,19.0,67.92313712392783,67.92313712392783,2263.349629800939,0.8145084682418934,0.8145084682418934,4.806141961816013,930.699559859155,930.699559859155,960.0,2450.0629393183485,561.9358086016098,561.9358086016098,540.0,3087.1437557847958,7952.0,6505.0
53,1x1_pixel_surface_30000_color_mode_green_frequency_19_shape_squares.mp4,2,30000,green,squares,19,227,11,5.563021032853282,19.15,,,,,,,,,,,,,,,,
54,1x1_pixel_surface_10000_color_mode_red_frequency_13_shape_triangles.mp4,2,10000,red,triangles,13,226,12,0.9016311509816989,13.15,,,,,,,,,,,,,,,,
55,1x1_pixel_surface_20000_color_mode_green_frequency_8_shape_circles.mp4,2,20000,green,circles,8,225,13,1.4525288569497206,8.15,,,,,,,,,,,,,,,,
56,1x1_pixel_surface_30000_color_mode_red_frequency_19_shape_circles.mp4,2,30000,red,circles,19,226,12,2.1683141284556116,18.85,,,,,,,,,,,,,,,,
57,1x1_pixel_surface_10000_color_mode_green_frequency_13_shape_circles.mp4,2,10000,green,circles,13,226,12,2.74534954640996,12.85,,,,,,,,,,,,,,,,
58,1x1_pixel_surface_10000_color_mode_red_frequency_25_shape_squares.mp4,2,10000,red,squares,25,226,12,10.486191114465935,24.85,,,,,,,,,,,,,,,,
59,1x1_pixel_surface_20000_color_mode_white_frequency_19_shape_triangles.mp4,3,20000,white,triangles,19,224,14,2.852979939674532,19.15,,,,,,,,,,,,,,,,
60,1x1_pixel_surface_30000_color_mode_white_frequency_25_shape_squares.mp4,3,30000,white,squares,25,226,12,3.9652297524688205,24.85,45.81032137889722,45.81032137889722,3011.1752603749446,-0.6701621817847054,-0.6701621817847054,2.5846610182578873,971.3678985142282,971.3678985142282,960.0,877.9471623301691,531.0751510954419,531.0751510954419,540.0,4022.9315982836415,7942.0,7708.0
61,1x1_pixel_surface_30000_color_mode_white_frequency_25_shape_circles.mp4,3,30000,white,circles,25,226,12,3.003372397389714,25.15,68.52306373224017,68.52306373224017,10403.38300051401,-0.47379668308746703,-0.47379668308746703,0.8580948220414184,995.9145398541614,995.9145398541614,960.0,1198.6999818916104,560.3467500628616,560.3467500628616,540.0,12196.248870818346,7954.0,6866.0
62,1x1_pixel_surface_20000_color_mode_red_frequency_19_shape_circles.mp4,3,20000,red,circles,19,224,14,2.048547094416685,19.15,,,,,,,,,,,,,,,,
63,1x1_pixel_surface_10000_color_mode_red_frequency_8_shape_squares.mp4,3,10000,red,squares,8,225,13,1.6596225274769758,8.15,,,,,,,,,,,,,,,,
64,1x1_pixel_surface_10000_color_mode_white_frequency_19_shape_circles.mp4,3,10000,white,circles,19,226,12,5.251583760187444,19.15,,,,,,,,,,,,,,,,
65,1x1_pixel_surface_20000_color_mode_white_frequency_25_shape_triangles.mp4,3,20000,white,triangles,25,224,14,1.604503401735037,25.15,,,,,,,,,,,,,,,,
66,1x1_pixel_surface_20000_color_mode_green_frequency_19_shape_circles.mp4,3,20000,green,circles,19,226,12,0.34945824203486275,18.85,,,,,,,,,,,,,,,,
67,1x1_pixel_surface_30000_color_mode_white_frequency_13_shape_circles.mp4,3,30000,white,circles,13,226,12,4.696491412200501,12.85,,,,,,,,,,,,,,,,
68,1x1_pixel_surface_10000_color_mode_green_frequency_25_shape_squares.mp4,3,10000,green,squares,25,226,12,1.218080247529051,25.15,64.52453146646377,64.52453146646377,146.63058507703408,1.0086327780630202,1.0086327780630202,0.12602789894607166,994.0310600351671,994.0310600351671,960.0,430.6751342443235,590.8375910575232,590.8375910575232,540.0,136.7969001502742,7962.0,4012.0
69,1x1_pixel_surface_20000_color_mode_white_frequency_25_shape_circles.mp4,3,20000,white,circles,25,226,12,1.5031739177957908,25.15,,,,,,,,,,,,,,,,
70,1x1_pixel_surface_20000_color_mode_red_frequency_25_shape_circles.mp4,3,20000,red,circles,25,225,13,0.8624147586446589,24.85,,,,,,,,,,,,,,,,
71,1x1_pixel_surface_10000_color_mode_white_frequency_25_shape_triangles.mp4,3,10000,white,triangles,25,226,12,0.8667877386478557,25.15,,,,,,,,,,,,,,,,
72,1x1_pixel_surface_10000_color_mode_white_frequency_8_shape_squares.mp4,3,10000,white,squares,8,226,12,1.3656833824064014,8.0,,,,,,,,,,,,,,,,
73,1x1_pixel_surface_10000_color_mode_green_frequency_25_shape_triangles.mp4,3,10000,green,triangles,25,226,12,0.5362609912644012,24.85,,,,,,,,,,,,,,,,
74,1x1_pixel_surface_20000_color_mode_white_frequency_8_shape_squares.mp4,3,20000,white,squares,8,227,11,0.807010098499216,8.15,,,,,,,,,,,,,,,,
75,1x1_pixel_surface_30000_color_mode_red_frequency_13_shape_squares.mp4,3,30000,red,squares,13,226,12,6.252158207878443,13.15,95.62232116155229,95.62232116155229,866.3185237862134,1.376997705973134,1.376997705973134,0.20431894185426722,987.4671198388721,987.4671198388721,960.0,2165.204200239415,622.1191905840885,622.1191905840885,540.0,346.73849344101905,7944.0,4260.0
76,1x1_pixel_surface_20000_color_mode_green_frequency_8_shape_squares.mp4,3,20000,green,squares,8,226,12,1.3394848232326115,8.15,,,,,,,,,,,,,,,,
77,1x1_pixel_surface_20000_color_mode_red_frequency_25_shape_squares.mp4,3,20000,red,squares,25,226,12,4.048006189132307,25.15,152.9697195386085,152.9697195386085,13092.871459702199,0.8015438122922937,0.8015438122922937,1.5524664144146452,1013.2494086562658,1013.2494086562658,960.0,2018.7493573503627,670.6957913940614,670.6957913940614,540.0,14556.967787710386,7948.0,1416.0
78,1x1_pixel_surface_30000_color_mode_green_frequency_8_shape_triangles.mp4,3,30000,green,triangles,8,224,14,0.5357536864981716,8.15,187.91866013747457,187.91866013747457,983.9666840321077,1.1608659432540924,1.1608659432540924,0.03718436350090372,1033.4745908862035,1033.4745908862035,960.0,1284.5362416503501,709.0781470292045,709.0781470292045,540.0,1026.917961521182,7944.0,0.0
79,1x1_pixel_surface_20000_color_mode_red_frequency_8_shape_squares.mp4,3,20000,red,squares,8,226,12,1.070830457148491,7.85,145.87772742861426,145.87772742861426,2113.128155305717,1.24818571241124,1.24818571241124,0.04664823443896902,998.1806017119839,998.1806017119839,960.0,474.7134637114572,677.7080123363545,677.7080123363545,540.0,2497.4710426126376,7944.0,941.0
80,1x1_pixel_surface_30000_color_mode_white_frequency_8_shape_circles.mp4,3,30000,white,circles,8,225,13,0.5584662178110769,8.15,,,,,,,,,,,,,,,,
81,1x1_pixel_surface_30000_color_mode_green_frequency_13_shape_triangles.mp4,3,30000,green,triangles,13,225,13,2.71450693850075,12.85,,,,,,,,,,,,,,,,
82,1x1_pixel_surface_30000_color_mode_red_frequency_13_shape_circles.mp4,3,30000,red,circles,13,226,12,1.2640623149784962,12.85,54.305337680688204,54.305337680688204,1455.643184460491,-0.8759578692106349,-0.8759578692106349,0.09401219543628866,992.9544689932212,992.9544689932212,960.0,1115.418881609822,501.0679575696711,501.0679575696711,540.0,687.5930490421364,7966.0,6658.0
83,1x1_pixel_surface_10000_color_mode_green_frequency_8_shape_squares.mp4,3,10000,green,squares,8,226,12,4.894360355894109,8.15,44.47377724524221,44.47377724524221,106.71654379844522,-1.2592446503721362,-1.2592446503721362,0.06709547670198056,972.1498300176277,972.1498300176277,960.0,69.47052345385595,498.412263913372,498.412263913372,540.0,138.0047205357388,7942.0,5885.0
84,1x1_pixel_surface_10000_color_mode_green_frequency_19_shape_circles.mp4,3,10000,green,circles,19,226,12,11.603325960791182,19.15,,,,,,,,,,,,,,,,
85,1x1_pixel_surface_30000_color_mode_red_frequency_25_shape_triangles.mp4,3,30000,red,triangles,25,226,12,1.0343918365578788,24.85,,,,,,,,,,,,,,,,
86,1x1_pixel_surface_10000_color_mode_green_frequency_19_shape_triangles.mp4,3,10000,green,triangles,19,225,13,0.671163583720346,18.85,,,,,,,,,,,,,,,,
87,1x1_pixel_surface_30000_color_mode_green_frequency_13_shape_squares.mp4,3,30000,green,squares,13,226,12,1.6096498890280277,13.15,,,,,,,,,,,,,,,,
88,1x1_pixel_surface_10000_color_mode_white_frequency_25_shape_squares.mp4,3,10000,white,squares,25,227,11,3.762326579466812,25.15,,,,,,,,,,,,,,,,
89,1x1_pixel_surface_30000_color_mode_red_frequency_19_shape_squares.mp4,3,30000,red,squares,19,226,12,0.5648896877904713,19.15,,,,,,,,,,,,,,,,
90,1x1_pixel_surface_10000_color_mode_red_frequency_19_shape_triangles.mp4,3,10000,red,triangles,19,225,12,1.2165947950325209,18.85,,,,,,,,,,,,,,,,
91,1x1_pixel_surface_20000_color_mode_red_frequency_19_shape_squares.mp4,3,20000,red,squares,19,226,12,0.3422571791444885,18.85,,,,,,,,,,,,,,,,
92,1x1_pixel_surface_30000_color_mode_red_frequency_25_shape_squares.mp4,3,30000,red,squares,25,226,12,0.5844506577219557,24.85,78.57441706296476,78.57441706296476,6812.637275364243,0.2063961465114525,0.2063961465114525,2.7658504678133027,970.8791016607951,970.8791016607951,960.0,1716.8615121773853,507.1324358329139,507.1324358329139,540.0,10071.083152748148,7948.0,6426.0
93,1x1_pixel_surface_20000_color_mode_white_frequency_8_shape_triangles.mp4,3,20000,white,triangles,8,225,13,5.712901579198473,8.15,73.36999374677629,73.36999374677629,2937.0949358563657,-0.020887924506797665,-0.020887924506797665,1.1117550826812912,1013.6878801206334,1013.6878801206334,960.0,2324.6486709647693,561.5242774566473,561.5242774566473,540.0,2649.919255415353,7958.0,6058.0
94,1x1_pixel_surface_30000_color_mode_green_frequency_25_shape_circles.mp4,3,30000,green,circles,25,225,13,2.045520145560173,25.15,117.56018168289698,117.56018168289698,29857.387997980877,0.3533281580418869,0.3533281580418869,1.2376464791191908,1013.4863876319757,1013.4863876319757,960.0,2147.3894018075093,611.3479449472096,611.3479449472096,540.0,33579.07200338108,7956.0,6560.0
95,1x1_pixel_surface_10000_color_mode_white_frequency_8_shape_triangles.mp4,3,10000,white,triangles,8,226,12,1.7759648941651096,8.0,,,,,,,,,,,,,,,,
96,1x1_pixel_surface_30000_color_mode_white_frequency_19_shape_circles.mp4,3,30000,white,circles,19,225,13,2.8582319825366973,19.15,,,,,,,,,,,,,,,,
97,1x1_pixel_surface_30000_color_mode_green_frequency_19_shape_circles.mp4,3,30000,green,circles,19,224,13,7.717499662971205,18.85,122.22960361521724,122.22960361521724,16719.207781576828,1.1242455225052386,1.1242455225052386,0.10261497024219302,1005.8696180993194,1005.8696180993194,960.0,971.1450433504967,647.8561759516008,647.8561759516008,540.0,16951.162182679403,7934.0,4314.0
98,1x1_pixel_surface_10000_color_mode_green_frequency_8_shape_circles.mp4,3,10000,green,circles,8,226,12,1.5501992585470892,7.85,,,,,,,,,,,,,,,,
99,1x1_pixel_surface_20000_color_mode_green_frequency_25_shape_squares.mp4,3,20000,green,squares,25,226,12,1.7408178543459445,25.15,,,,,,,,,,,,,,,,
100,1x1_pixel_surface_10000_color_mode_red_frequency_19_shape_circles.mp4,3,10000,red,circles,19,226,12,3.11151890820556,18.85,,,,,,,,,,,,,,,,
101,1x1_pixel_surface_10000_color_mode_white_frequency_13_shape_circles.mp4,3,10000,white,circles,13,226,12,6.013113164487963,12.85,105.89417113649871,105.89417113649871,629.5675927286155,1.3219663114866547,1.3219663114866547,0.06650240366840485,982.5745156014092,982.5745156014092,960.0,441.99144950114044,640.2272898842476,640.2272898842476,540.0,846.0332317342862,7948.0,7.0
102,1x1_pixel_surface_10000_color_mode_white_frequency_19_shape_squares.mp4,3,10000,white,squares,19,226,12,3.996670826959809,19.15,227.16925877675197,227.16925877675197,52609.19423454962,1.2383296253993539,1.2383296253993539,0.08679356395322899,1017.703475195165,1017.703475195165,960.0,2932.7354833901554,753.8609607151851,753.8609607151851,540.0,52216.12931671742,7942.0,620.0
103,1x1_pixel_surface_10000_color_mode_green_frequency_19_shape_squares.mp4,3,10000,green,squares,19,226,12,0.9897245441268951,19.15,174.23335498028706,174.23335498028706,51613.45602853561,1.3635281849414405,1.3635281849414405,0.05090717682796262,999.1279300804829,999.1279300804829,960.0,2873.7249694075863,707.8477741448692,707.8477741448692,540.0,49393.12284904457,7952.0,1383.0
104,1x1_pixel_surface_10000_color_mode_red_frequency_19_shape_squares.mp4,3,10000,red,squares,19,225,13,0.5446454969279217,18.85,,,,,,,,,,,,,,,,
105,1x1_pixel_surface_10000_color_mode_red_frequency_25_shape_circles.mp4,3,10000,red,circles,25,226,12,3.132019780342981,25.15,182.17940821537164,182.17940821537164,1250.6974993562467,1.434332440723527,1.434332440723527,0.022420845083066316,984.0135359116023,984.0135359116023,960.0,665.0135573617189,718.6184141135109,718.6184141135109,540.0,1293.8329522941053,7964.0,0.0
106,1x1_pixel_surface_20000_color_mode_white_frequency_19_shape_squares.mp4,3,20000,white,squares,19,226,12,2.8745789769880448,19.15,250.91662446836685,250.91662446836685,11404.933092262674,1.324434907220107,1.324434907220107,0.016236967239252744,1016.8188160543533,1016.8188160543533,960.0,713.8858245544881,782.7577503774534,782.7577503774534,540.0,11490.49647616718,7948.0,0.0
107,1x1_pixel_surface_10000_color_mode_red_frequency_13_shape_circles.mp4,3,10000,red,circles,13,225,12,1.3411376094026641,12.85,,,,,,,,,,,,,,,,
108,1x1_pixel_surface_30000_color_mode_green_frequency_25_shape_triangles.mp4,3,30000,green,triangles,25,224,14,5.300741898162029,25.15,,,,,,,,,,,,,,,,
109,1x1_pixel_surface_30000_color_mode_white_frequency_19_shape_triangles.mp4,3,30000,white,triangles,19,226,12,1.9347384070991667,18.85,,,,,,,,,,,,,,,,
110,1x1_pixel_surface_10000_color_mode_green_frequency_25_shape_circles.mp4,3,10000,green,circles,25,226,12,0.5273901699082728,25.15,,,,,,,,,,,,,,,,
111,1x1_pixel_surface_30000_color_mode_green_frequency_19_shape_triangles.mp4,3,30000,green,triangles,19,226,12,10.979438960227931,18.85,,,,,,,,,,,,,,,,
112,1x1_pixel_surface_20000_color_mode_red_frequency_8_shape_circles.mp4,3,20000,red,circles,8,226,12,1.7771668152161513,8.15,124.08618641815842,124.08618641815842,2452.17408850376,0.8922965907610018,0.8922965907610018,0.1890983311433508,1033.9861634036142,1033.9861634036142,960.0,2701.001556477817,627.676016566265,627.676016566265,540.0,1987.517935713581,7968.0,1738.0
113,1x1_pixel_surface_10000_color_mode_red_frequency_8_shape_circles.mp4,4,10000,red,circles,8,225,13,2.303794300308446,8.0,,,,,,,,,,,,,,,,
114,1x1_pixel_surface_20000_color_mode_red_frequency_19_shape_triangles.mp4,4,20000,red,triangles,19,226,12,3.6805255542079713,18.85,,,,,,,,,,,,,,,,
115,1x1_pixel_surface_20000_color_mode_green_frequency_13_shape_triangles.mp4,4,20000,green,triangles,13,226,12,4.13068884199864,12.85,,,,,,,,,,,,,,,,
116,1x1_pixel_surface_30000_color_mode_green_frequency_8_shape_circles.mp4,4,30000,green,circles,8,225,12,2.04074903067095,7.85,,,,,,,,,,,,,,,,
117,1x1_pixel_surface_20000_color_mode_green_frequency_25_shape_circles.mp4,4,20000,green,circles,25,226,12,1.2780776926278672,25.15,,,,,,,,,,,,,,,,
118,1x1_pixel_surface_20000_color_mode_green_frequency_8_shape_triangles.mp4,4,20000,green,triangles,8,226,12,1.7282940717811548,8.15,,,,,,,,,,,,,,,,
119,1x1_pixel_surface_30000_color_mode_white_frequency_8_shape_triangles.mp4,4,30000,white,triangles,8,226,12,0.3631663857524818,7.85,,,,,,,,,,,,,,,,
120,1x1_pixel_surface_20000_color_mode_green_frequency_13_shape_squares.mp4,4,20000,green,squares,13,226,12,4.922073320884917,12.85,,,,,,,,,,,,,,,,
121,1x1_pixel_surface_10000_color_mode_white_frequency_13_shape_squares.mp4,4,10000,white,squares,13,227,11,0.9507238525963129,13.15,,,,,,,,,,,,,,,,
122,1x1_pixel_surface_10000_color_mode_white_frequency_19_shape_triangles.mp4,4,10000,white,triangles,19,225,12,2.1553302988296372,18.85,,,,,,,,,,,,,,,,
123,1x1_pixel_surface_20000_color_mode_white_frequency_13_shape_squares.mp4,4,20000,white,squares,13,227,11,5.201436285850235,13.15,168.2822916028976,168.2822916028976,1246.999687106948,1.4400761818228305,1.4400761818228305,0.001666938242001575,981.2690080563948,981.2690080563948,960.0,33.22607248029764,706.8129657603223,706.8129657603223,540.0,1253.7670322918789,7944.0,0.0
124,1x1_pixel_surface_30000_color_mode_red_frequency_8_shape_triangles.mp4,4,30000,red,triangles,8,226,12,0.5080078164549601,8.15,,,,,,,,,,,,,,,,
125,1x1_pixel_surface_20000_color_mode_white_frequency_25_shape_squares.mp4,4,20000,white,squares,25,227,11,10.490223884250472,25.15,,,,,,,,,,,,,,,,
126,1x1_pixel_surface_10000_color_mode_white_frequency_25_shape_circles.mp4,4,10000,white,circles,25,227,11,2.9745271331595458,24.85,,,,,,,,,,,,,,,,
127,1x1_pixel_surface_20000_color_mode_red_frequency_8_shape_triangles.mp4,4,20000,red,triangles,8,226,12,1.2315979125828886,8.15,,,,,,,,,,,,,,,,
128,1x1_pixel_surface_30000_color_mode_red_frequency_8_shape_circles.mp4,4,30000,red,circles,8,225,13,1.6437056605051312,8.15,,,,,,,,,,,,,,,,
129,1x1_pixel_surface_10000_color_mode_red_frequency_8_shape_triangles.mp4,4,10000,red,triangles,8,225,13,1.2615790494805261,8.15,,,,,,,,,,,,,,,,
130,1x1_pixel_surface_30000_color_mode_red_frequency_19_shape_triangles.mp4,4,30000,red,triangles,19,224,14,1.805155481027882,19.15,,,,,,,,,,,,,,,,
131,1x1_pixel_surface_20000_color_mode_green_frequency_25_shape_triangles.mp4,4,20000,green,triangles,25,225,13,3.7083482091814446,24.85,,,,,,,,,,,,,,,,
132,1x1_pixel_surface_20000_color_mode_white_frequency_13_shape_circles.mp4,4,20000,white,circles,13,225,13,5.62996589015922,12.85,104.35574020018016,104.35574020018016,13039.095126734268,0.3713567797034104,0.3713567797034104,4.908928345683172,929.5483211770623,929.5483211770623,960.0,1124.4122805693805,614.111676307847,614.111676307847,540.0,16384.95805059794,7952.0,3511.0
133,1x1_pixel_surface_30000_color_mode_green_frequency_13_shape_circles.mp4,4,30000,green,circles,13,226,12,4.37738530143739,12.85,,,,,,,,,,,,,,,,
134,1x1_pixel_surface_20000_color_mode_red_frequency_13_shape_squares.mp4,4,20000,red,squares,13,226,12,0.6899783882668429,13.15,,,,,,,,,,,,,,,,
135,1x1_pixel_surface_20000_color_mode_green_frequency_13_shape_circles.mp4,4,20000,green,circles,13,226,12,7.6000735672884545,12.85,,,,,,,,,,,,,,,,
136,1x1_pixel_surface_20000_color_mode_red_frequency_13_shape_triangles.mp4,4,20000,red,triangles,13,226,12,1.4714586462926862,12.85,,,,,,,,,,,,,,,,
137,1x1_pixel_surface_30000_color_mode_white_frequency_13_shape_triangles.mp4,4,30000,white,triangles,13,227,11,4.705907307171245,12.85,,,,,,,,,,,,,,,,
138,1x1_pixel_surface_30000_color_mode_white_frequency_13_shape_squares.mp4,4,30000,white,squares,13,225,12,0.30910892249660393,12.85,95.65431040478019,95.65431040478019,2643.832960224681,0.46991888200978654,0.46991888200978654,3.2016704097515745,968.9611104108898,968.9611104108898,960.0,3155.631636389876,524.4863940005041,524.4863940005041,540.0,8316.97495194509,7934.0,4764.0
139,1x1_pixel_surface_30000_color_mode_red_frequency_8_shape_squares.mp4,4,30000,red,squares,8,227,11,0.2401811355627222,8.15,153.0146990756512,153.0146990756512,17055.607532364153,0.0021707233017109052,0.0021707233017109052,3.1787804232934262,947.6454894313034,947.6454894313034,960.0,2470.958027905903,533.9684889280322,533.9684889280322,540.0,37809.13458046704,7948.0,3301.0
140,1x1_pixel_surface_20000_color_mode_white_frequency_8_shape_circles.mp4,4,20000,white,circles,8,227,11,0.7148794882444125,8.15,95.58604753372273,95.58604753372273,2154.161529013161,0.9827784816564227,0.9827784816564227,3.1261571083771065,926.9084862962031,926.9084862962031,960.0,1395.3495897881576,550.3904262006538,550.3904262006538,540.0,8692.495186504299,7954.0,3514.0
141,1x1_pixel_surface_20000_color_mode_white_frequency_19_shape_circles.mp4,4,20000,white,circles,19,226,12,7.7023215853735625,19.15,91.63184084727935,91.63184084727935,559.6336373777225,1.3938540344095005,1.3938540344095005,0.11069895258192525,971.9205145948666,971.9205145948666,960.0,684.6141516853683,626.1819136889783,626.1819136889783,540.0,701.9928274525404,7948.0,2492.0
142,1x1_pixel_surface_10000_color_mode_green_frequency_13_shape_triangles.mp4,4,10000,green,triangles,13,225,13,2.75649186729017,13.15,36.810257950524935,36.810257950524935,412.7956213428141,-0.4610456502064244,-0.4610456502064244,3.391162072597526,952.6209967320261,952.6209967320261,960.0,254.74403657565546,529.9383107088989,529.9383107088989,540.0,1357.3593945319167,7956.0,6124.0
143,1x1_pixel_surface_30000_color_mode_red_frequency_25_shape_circles.mp4,4,30000,red,circles,25,226,12,1.7190087974928083,24.85,,,,,,,,,,,,,,,,
144,1x1_pixel_surface_30000_color_mode_white_frequency_25_shape_triangles.mp4,4,30000,white,triangles,25,227,11,1.2851067020733216,24.85,,,,,,,,,,,,,,,,
145,1x1_pixel_surface_20000_color_mode_green_frequency_19_shape_triangles.mp4,4,20000,green,triangles,19,226,12,5.516047067386097,19.15,,,,,,,,,,,,,,,,
146,1x1_pixel_surface_20000_color_mode_red_frequency_13_shape_circles.mp4,4,20000,red,circles,13,226,12,1.9741986450642597,13.15,,,,,,,,,,,,,,,,
147,1x1_pixel_surface_30000_color_mode_red_frequency_13_shape_triangles.mp4,4,30000,red,triangles,13,225,12,1.1545282511093735,13.15,,,,,,,,,,,,,,,,
148,1x1_pixel_surface_30000_color_mode_green_frequency_8_shape_squares.mp4,4,30000,green,squares,8,227,11,0.42525853446732803,8.0,,,,,,,,,,,,,,,,
149,1x1_pixel_surface_30000_color_mode_green_frequency_25_shape_squares.mp4,4,30000,green,squares,25,225,12,5.0042582222541165,24.85,,,,,,,,,,,,,,,,
150,1x1_pixel_surface_10000_color_mode_red_frequency_13_shape_squares.mp4,4,10000,red,squares,13,225,13,1.4932737642804996,13.15,,,,,,,,,,,,,,,,
151,1x1_pixel_surface_10000_color_mode_red_frequency_25_shape_triangles.mp4,4,10000,red,triangles,25,226,12,2.492424721574951,25.15,,,,,,,,,,,,,,,,
152,1x1_pixel_surface_30000_color_mode_white_frequency_8_shape_squares.mp4,4,30000,white,squares,8,227,11,2.1855045418610404,8.15,,,,,,,,,,,,,,,,
153,1x1_pixel_surface_10000_color_mode_white_frequency_13_shape_triangles.mp4,4,10000,white,triangles,13,225,12,1.3841801350208933,13.15,,,,,,,,,,,,,,,,
154,1x1_pixel_surface_20000_color_mode_red_frequency_25_shape_triangles.mp4,4,20000,red,triangles,25,225,13,4.387405868499231,24.85,177.80956810589777,177.80956810589777,2476.942355649783,1.705926607417139,1.705926607417139,0.04254419928111363,940.5883085829348,940.5883085829348,960.0,879.057194043211,713.6187075257991,713.6187075257991,540.0,2693.8583050121174,7946.0,27.0
155,1x1_pixel_surface_10000_color_mode_white_frequency_8_shape_circles.mp4,4,10000,white,circles,8,227,11,0.43977282386165983,8.0,,,,,,,,,,,,,,,,
156,1x1_pixel_surface_10000_color_mode_green_frequency_13_shape_squares.mp4,4,10000,green,squares,13,220,18,0.45890790223019334,13.15,153.79018586611238,153.79018586611238,161.77410406812362,1.7267389777455857,1.7267389777455857,0.019542098765770247,936.375012562814,936.375012562814,960.0,420.17791959783216,690.4831092964826,690.4831092964826,540.0,189.71123825941106,7960.0,0.0
157,1x1_pixel_surface_20000_color_mode_white_frequency_13_shape_triangles.mp4,4,20000,white,triangles,13,225,12,7.428969972777063,12.85,,,,,,,,,,,,,,,,
158,1x1_pixel_surface_10000_color_mode_green_frequency_8_shape_triangles.mp4,4,10000,green,triangles,8,226,12,1.925732996953363,7.85,117.44273500527,117.44273500527,9725.317298255517,-0.25444066845898816,-0.25444066845898816,4.772363787552625,964.7271194968553,964.7271194968553,960.0,13988.892315476289,493.7240880503145,493.7240880503145,540.0,7365.4153027847,7950.0,2657.0
159,1x1_pixel_surface_20000_color_mode_green_frequency_19_shape_squares.mp4,4,20000,green,squares,19,226,12,3.692913447910045,19.15,,,,,,,,,,,,,,,,
160,1x1_pixel_surface_30000_color_mode_white_frequency_19_shape_squares.mp4,4,30000,white,squares,19,227,11,1.2176993702656598,18.85,,,,,,,,,,,,,,,,
161,1x1_pixel_surface_30000_color_mode_green_frequency_19_shape_squares.mp4,4,30000,green,squares,19,226,11,2.008053714721874,18.85,,,,,,,,,,,,,,,,
162,1x1_pixel_surface_10000_color_mode_red_frequency_13_shape_triangles.mp4,4,10000,red,triangles,13,226,12,0.3057322734115963,13.15,,,,,,,,,,,,,,,,
163,1x1_pixel_surface_20000_color_mode_green_frequency_8_shape_circles.mp4,4,20000,green,circles,8,226,12,0.6494826044809573,8.15,,,,,,,,,,,,,,,,
164,1x1_pixel_surface_30000_color_mode_red_frequency_19_shape_circles.mp4,4,30000,red,circles,19,225,13,2.484867959665433,19.15,,,,,,,,,,,,,,,,
165,1x1_pixel_surface_10000_color_mode_green_frequency_13_shape_circles.mp4,4,10000,green,circles,13,226,12,1.711426303901495,13.15,,,,,,,,,,,,,,,,
166,1x1_pixel_surface_10000_color_mode_red_frequency_25_shape_squares.mp4,4,10000,red,squares,25,226,12,2.4483980679815645,24.85,,,,,,,,,,,,,,,,
167,1x1_pixel_surface_20000_color_mode_white_frequency_19_shape_triangles.mp4,5,20000,white,triangles,19,225,13,1.931344225883387,18.85,,,,,,,,,,,,,,,,
168,1x1_pixel_surface_30000_color_mode_white_frequency_25_shape_squares.mp4,5,30000,white,squares,25,227,11,2.442661182854659,24.85,,,,,,,,,,,,,,,,
169,1x1_pixel_surface_30000_color_mode_white_frequency_25_shape_circles.mp4,5,30000,white,circles,25,227,11,1.675945111351955,24.85,,,,,,,,,,,,,,,,
170,1x1_pixel_surface_20000_color_mode_red_frequency_19_shape_circles.mp4,5,20000,red,circles,19,226,12,2.1414037955670846,18.85,,,,,,,,,,,,,,,,
171,1x1_pixel_surface_10000_color_mode_red_frequency_8_shape_squares.mp4,5,10000,red,squares,8,226,12,1.0659934364185168,7.85,,,,,,,,,,,,,,,,
172,1x1_pixel_surface_10000_color_mode_white_frequency_19_shape_circles.mp4,5,10000,white,circles,19,226,12,6.2598165837755575,19.15,,,,,,,,,,,,,,,,
173,1x1_pixel_surface_20000_color_mode_white_frequency_25_shape_triangles.mp4,5,20000,white,triangles,25,226,12,1.8377859034206552,25.15,,,,,,,,,,,,,,,,
174,1x1_pixel_surface_20000_color_mode_green_frequency_19_shape_circles.mp4,5,20000,green,circles,19,226,12,3.508746609395148,19.15,,,,,,,,,,,,,,,,
175,1x1_pixel_surface_30000_color_mode_white_frequency_13_shape_circles.mp4,5,30000,white,circles,13,226,12,0.7931428274718815,13.15,157.0035115552192,157.0035115552192,40699.20977354585,1.679737985506792,1.679737985506792,0.10717983703346504,953.757440925088,953.757440925088,960.0,3117.70802344108,689.7359037204625,689.7359037204625,540.0,39771.79398398721,7956.0,1597.0
176,1x1_pixel_surface_10000_color_mode_green_frequency_25_shape_squares.mp4,5,10000,green,squares,25,225,12,1.8890823719987209,24.85,,,,,,,,,,,,,,,,
177,1x1_pixel_surface_20000_color_mode_white_frequency_25_shape_circles.mp4,5,20000,white,circles,25,225,13,1.1712959596759656,25.15,,,,,,,,,,,,,,,,
178,1x1_pixel_surface_20000_color_mode_red_frequency_25_shape_circles.mp4,5,20000,red,circles,25,224,14,4.877603722217722,24.85,,,,,,,,,,,,,,,,
179,1x1_pixel_surface_10000_color_mode_white_frequency_25_shape_triangles.mp4,5,10000,white,triangles,25,225,13,1.576959575354528,24.85,63.84904027118625,63.84904027118625,8585.726676958357,0.5865653742195405,0.5865653742195405,3.59949867951823,970.1386335091685,970.1386335091685,960.0,5245.361183915169,565.0067633760361,565.0067633760361,540.0,6688.935332616455,7962.0,5752.0
180,1x1_pixel_surface_10000_color_mode_white_frequency_8_shape_squares.mp4,5,10000,white,squares,8,226,11,0.46619583344938154,8.15,,,,,,,,,,,,,,,,
181,1x1_pixel_surface_10000_color_mode_green_frequency_25_shape_triangles.mp4,5,10000,green,triangles,25,226,12,2.181922017688007,24.85,,,,,,,,,,,,,,,,
182,1x1_pixel_surface_20000_color_mode_white_frequency_8_shape_squares.mp4,5,20000,white,squares,8,227,11,1.759381365873105,8.15,141.4532509629058,141.4532509629058,2036.1165794559988,1.627560187006965,1.627560187006965,0.2971244930040082,965.7845181177654,965.7845181177654,960.0,1376.5018756233505,673.6611852038249,673.6611852038249,540.0,2769.863831861522,7948.0,1091.0
183,1x1_pixel_surface_30000_color_mode_red_frequency_13_shape_squares.mp4,5,30000,red,squares,13,226,12,1.6074055239798015,13.15,,,,,,,,,,,,,,,,
184,1x1_pixel_surface_20000_color_mode_green_frequency_8_shape_squares.mp4,5,20000,green,squares,8,225,13,1.4751173221661062,8.0,131.67661449508842,131.67661449508842,2247.6675013304643,1.3343311819176733,1.3343311819176733,0.26007256283925834,991.4591645728643,991.4591645728643,960.0,1137.2161116764332,661.5579020100503,661.5579020100503,540.0,2683.179617834619,7960.0,914.0
185,1x1_pixel_surface_20000_color_mode_red_frequency_25_shape_squares.mp4,5,20000,red,squares,25,225,12,4.259267441342445,25.15,,,,,,,,,,,,,,,,
186,1x1_pixel_surface_30000_color_mode_green_frequency_8_shape_triangles.mp4,5,30000,green,triangles,8,226,12,2.1497703548746054,8.15,,,,,,,,,,,,,,,,
187,1x1_pixel_surface_20000_color_mode_red_frequency_8_shape_squares.mp4,5,20000,red,squares,8,226,12,0.0673145206739834,7.85,88.6497375596934,88.6497375596934,359.57525638364723,1.1636299784470474,1.1636299784470474,0.25542307154064336,995.8526855345912,995.8526855345912,960.0,1867.0643214042561,609.3493270440252,609.3493270440252,540.0,256.5426828804636,7950.0,3135.0
188,1x1_pixel_surface_30000_color_mode_white_frequency_8_shape_circles.mp4,5,30000,white,circles,8,226,12,0.42914802311230615,8.0,,,,,,,,,,,,,,,,
189,1x1_pixel_surface_30000_color_mode_green_frequency_13_shape_triangles.mp4,5,30000,green,triangles,13,226,12,2.621654394782185,12.85,,,,,,,,,,,,,,,,
190,1x1_pixel_surface_30000_color_mode_red_frequency_13_shape_circles.mp4,5,30000,red,circles,13,226,12,2.22903080116862,13.15,,,,,,,,,,,,,,,,
191,1x1_pixel_surface_10000_color_mode_green_frequency_8_shape_squares.mp4,5,10000,green,squares,8,226,12,1.7463419354228482,8.15,,,,,,,,,,,,,,,,
192,1x1_pixel_surface_10000_color_mode_green_frequency_19_shape_circles.mp4,5,10000,green,circles,19,226,12,7.013288806904724,19.15,,,,,,,,,,,,,,,,
193,1x1_pixel_surface_30000_color_mode_red_frequency_25_shape_triangles.mp4,5,30000,red,triangles,25,226,12,0.9208124150529787,25.15,,,,,,,,,,,,,,,,
194,1x1_pixel_surface_10000_color_mode_green_frequency_19_shape_triangles.mp4,5,10000,green,triangles,19,226,12,5.699873109158858,18.85,,,,,,,,,,,,,,,,
195,1x1_pixel_surface_30000_color_mode_green_frequency_13_shape_squares.mp4,5,30000,green,squares,13,227,11,9.003113229606265,13.15,72.76640571845182,72.76640571845182,3203.536107651539,-0.9322446419403296,-0.9322446419403296,2.9686607906184794,950.87635084192,950.87635084192,960.0,2260.2756118658517,496.9640299070118,496.9640299070118,540.0,4302.87460116372,7958.0,6852.0
196,1x1_pixel_surface_10000_color_mode_white_frequency_25_shape_squares.mp4,5,10000,white,squares,25,226,12,1.4666641729906105,25.15,,,,,,,,,,,,,,,,
197,1x1_pixel_surface_30000_color_mode_red_frequency_19_shape_squares.mp4,5,30000,red,squares,19,227,11,1.4365477638624577,18.85,,,,,,,,,,,,,,,,
198,1x1_pixel_surface_10000_color_mode_red_frequency_19_shape_triangles.mp4,5,10000,red,triangles,19,224,14,0.9346753860822066,19.15,104.50448953644492,104.50448953644492,3621.3337000981123,1.553114985435635,1.553114985435635,0.025244550298124235,962.517735042735,962.517735042735,960.0,202.5371546738902,643.404594017094,643.404594017094,540.0,3641.135825111699,7956.0,0.0
199,1x1_pixel_surface_20000_color_mode_red_frequency_19_shape_squares.mp4,5,20000,red,squares,19,226,12,2.0962237019563004,19.15,123.53918690105569,123.53918690105569,2603.046959059699,1.5119915373430686,1.5119915373430686,0.03841825527818321,969.4616959798994,969.4616959798994,960.0,612.1505466211395,661.033574120603,661.033574120603,540.0,2514.1773573889786,7960.0,124.0
200,1x1_pixel_surface_30000_color_mode_red_frequency_25_shape_squares.mp4,5,30000,red,squares,25,226,12,1.4981989775589781,25.15,136.3613678389882,136.3613678389882,12067.273336413657,0.911450410077861,0.911450410077861,0.38190380446180205,1011.5398124842687,1011.5398124842687,960.0,927.4681736497108,652.5693871130128,652.5693871130128,540.0,14406.008615770857,7946.0,3836.0
201,1x1_pixel_surface_20000_color_mode_white_frequency_8_shape_triangles.mp4,5,20000,white,triangles,8,226,12,0.5594736030259378,7.85,56.56863524118894,56.56863524118894,4886.645682439758,-0.8362892334730035,-0.8362892334730035,2.6909755784960243,961.0001509054326,961.0001509054326,960.0,1007.7895101633441,548.7084192655935,548.7084192655935,540.0,7002.029797388099,7952.0,6862.0
202,1x1_pixel_surface_30000_color_mode_green_frequency_25_shape_circles.mp4,5,30000,green,circles,25,226,12,1.1865338257441709,25.15,,,,,,,,,,,,,,,,
203,1x1_pixel_surface_10000_color_mode_white_frequency_8_shape_triangles.mp4,5,10000,white,triangles,8,226,12,1.0943856281425437,8.15,,,,,,,,,,,,,,,,
204,1x1_pixel_surface_30000_color_mode_white_frequency_19_shape_circles.mp4,5,30000,white,circles,19,226,12,0.8291581080152065,18.85,,,,,,,,,,,,,,,,
205,1x1_pixel_surface_30000_color_mode_green_frequency_19_shape_circles.mp4,5,30000,green,circles,19,226,12,16.282741511395063,19.15,,,,,,,,,,,,,,,,
206,1x1_pixel_surface_10000_color_mode_green_frequency_8_shape_circles.mp4,5,10000,green,circles,8,225,13,2.191098131548072,8.0,,,,,,,,,,,,,,,,
207,1x1_pixel_surface_20000_color_mode_green_frequency_25_shape_squares.mp4,5,20000,green,squares,25,227,11,1.0722576875793104,25.15,,,,,,,,,,,,,,,,
208,1x1_pixel_surface_10000_color_mode_red_frequency_19_shape_circles.mp4,5,10000,red,circles,19,225,13,0.7538326440681145,18.85,,,,,,,,,,,,,,,,
209,1x1_pixel_surface_10000_color_mode_white_frequency_13_shape_circles.mp4,5,10000,white,circles,13,226,12,0.9166807042798849,13.15,,,,,,,,,,,,,,,,
210,1x1_pixel_surface_10000_color_mode_white_frequency_19_shape_squares.mp4,5,10000,white,squares,19,226,12,1.4177658097153047,18.85,,,,,,,,,,,,,,,,
211,1x1_pixel_surface_10000_color_mode_green_frequency_19_shape_squares.mp4,5,10000,green,squares,19,226,12,8.003743018758264,18.85,58.94475560316452,58.94475560316452,569.7809055123787,1.522494419114453,1.522494419114453,4.207924374062143,920.6303979412503,920.6303979412503,960.0,516.4195834344121,571.74665453176,571.74665453176,540.0,970.0298949715379,7966.0,4007.0
212,1x1_pixel_surface_10000_color_mode_red_frequency_19_shape_squares.mp4,5,10000,red,squares,19,226,12,1.2831755964542957,19.15,128.63255014264374,128.63255014264374,2685.5240639990816,1.6589870510829965,1.6589870510829965,0.04183420444959122,950.4128618172665,950.4128618172665,960.0,641.5845256131734,665.6785237855524,665.6785237855524,540.0,2703.2679351351626,7946.0,0.0
213,1x1_pixel_surface_10000_color_mode_red_frequency_25_shape_circles.mp4,5,10000,red,circles,25,225,13,5.273867321947606,25.15,,,,,,,,,,,,,,,,
214,1x1_pixel_surface_20000_color_mode_white_frequency_19_shape_squares.mp4,5,20000,white,squares,19,226,11,8.270159393513183,18.85,152.66346170243057,152.66346170243057,676.4411609296882,1.72335913880098,1.72335913880098,0.021659689145154697,935.3192021678851,935.3192021678851,960.0,549.6573389273661,689.0677527098564,689.0677527098564,540.0,602.5796813751975,7934.0,0.0
215,1x1_pixel_surface_10000_color_mode_red_frequency_13_shape_circles.mp4,5,10000,red,circles,13,226,12,0.5287957494839577,12.85,,,,,,,,,,,,,,,,
216,1x1_pixel_surface_30000_color_mode_green_frequency_25_shape_triangles.mp4,5,30000,green,triangles,25,225,13,7.024654451231834,24.85,,,,,,,,,,,,,,,,
217,1x1_pixel_surface_30000_color_mode_white_frequency_19_shape_triangles.mp4,5,30000,white,triangles,19,225,13,1.3794248616087228,19.15,146.13807688817352,146.13807688817352,33076.18498122613,-0.19256766305084277,-0.19256766305084277,2.716040696878242,966.6439024390244,966.6439024390244,960.0,2403.4311817033304,597.3658473723912,597.3658473723912,540.0,48694.10943172476,7954.0,3686.0
218,1x1_pixel_surface_10000_color_mode_green_frequency_25_shape_circles.mp4,5,10000,green,circles,25,226,12,2.7495277100255144,24.85,189.9618891225445,189.9618891225445,26068.106606559424,1.276116880556285,1.276116880556285,0.05221101531699217,1012.9303831658291,1012.9303831658291,960.0,2189.7003761722794,718.628379396985,718.628379396985,540.0,25254.20216131837,7960.0,448.0
219,1x1_pixel_surface_30000_color_mode_green_frequency_19_shape_triangles.mp4,5,30000,green,triangles,19,226,12,4.720821962275552,18.85,,,,,,,,,,,,,,,,
220,1x1_pixel_surface_20000_color_mode_red_frequency_8_shape_circles.mp4,5,20000,red,circles,8,226,12,0.3969025888794113,8.0,269.0905476737697,269.0905476737697,99777.91383986313,1.4899161470865072,1.4899161470865072,0.12618565732777037,989.0718899521531,989.0718899521531,960.0,4193.422119986379,802.4650780659784,802.4650780659784,540.0,98261.12257767585,7942.0,2320.0
221,1x1_pixel_surface_10000_color_mode_red_frequency_8_shape_circles.mp4,6,10000,red,circles,8,225,13,0.6231086758606316,8.15,,,,,,,,,,,,,,,,
222,1x1_pixel_surface_20000_color_mode_red_frequency_19_shape_triangles.mp4,6,20000,red,triangles,19,225,13,6.982467283939332,18.85,,,,,,,,,,,,,,,,
223,1x1_pixel_surface_20000_color_mode_green_frequency_13_shape_triangles.mp4,6,20000,green,triangles,13,225,12,2.146521779209648,13.15,,,,,,,,,,,,,,,,
224,1x1_pixel_surface_30000_color_mode_green_frequency_8_shape_circles.mp4,6,30000,green,circles,8,226,12,2.2643858454628747,8.15,,,,,,,,,,,,,,,,
225,1x1_pixel_surface_20000_color_mode_green_frequency_25_shape_circles.mp4,6,20000,green,circles,25,226,12,5.486063836106309,24.85,,,,,,,,,,,,,,,,
226,1x1_pixel_surface_20000_color_mode_green_frequency_8_shape_triangles.mp4,6,20000,green,triangles,8,225,13,2.0990958459272138,7.85,,,,,,,,,,,,,,,,
227,1x1_pixel_surface_30000_color_mode_white_frequency_8_shape_triangles.mp4,6,30000,white,triangles,8,227,11,0.3870934675040453,8.15,,,,,,,,,,,,,,,,
228,1x1_pixel_surface_20000_color_mode_green_frequency_13_shape_squares.mp4,6,20000,green,squares,13,227,11,4.414348091767598,12.85,,,,,,,,,,,,,,,,
229,1x1_pixel_surface_10000_color_mode_white_frequency_13_shape_squares.mp4,6,10000,white,squares,13,227,11,1.8012484076974058,12.85,,,,,,,,,,,,,,,,
230,1x1_pixel_surface_10000_color_mode_white_frequency_19_shape_triangles.mp4,6,10000,white,triangles,19,226,12,0.8972285887249244,19.15,,,,,,,,,,,,,,,,
231,1x1_pixel_surface_20000_color_mode_white_frequency_13_shape_squares.mp4,6,20000,white,squares,13,226,12,2.9034318366926897,12.85,,,,,,,,,,,,,,,,
232,1x1_pixel_surface_30000_color_mode_red_frequency_8_shape_triangles.mp4,6,30000,red,triangles,8,226,12,1.111941013852491,7.85,,,,,,,,,,,,,,,,
233,1x1_pixel_surface_20000_color_mode_white_frequency_25_shape_squares.mp4,6,20000,white,squares,25,227,11,2.505790418043899,24.85,,,,,,,,,,,,,,,,
234,1x1_pixel_surface_10000_color_mode_white_frequency_25_shape_circles.mp4,6,10000,white,circles,25,226,12,1.556067929234303,24.85,,,,,,,,,,,,,,,,
235,1x1_pixel_surface_20000_color_mode_red_frequency_8_shape_triangles.mp4,6,20000,red,triangles,8,226,12,1.0859438902785663,8.0,243.78591899714536,243.78591899714536,1213.8833812380085,1.5721157584736993,1.5721157584736993,0.0006947167206187733,959.4721538074893,959.4721538074893,960.0,33.44359252120378,783.7106999246042,783.7106999246042,540.0,1216.830210656122,7958.0,0.0
236,1x1_pixel_surface_30000_color_mode_red_frequency_8_shape_circles.mp4,6,30000,red,circles,8,226,12,1.8465890402305905,8.0,337.80118375810144,337.80118375810144,5457.9169994907925,1.610261036144693,1.610261036144693,0.006577387158555842,945.4531202913109,945.4531202913109,960.0,511.37955423917134,876.6143709191361,876.6143709191361,540.0,5535.330775081404,7964.0,0.0
237,1x1_pixel_surface_10000_color_mode_red_frequency_8_shape_triangles.mp4,6,10000,red,triangles,8,226,12,1.0816050990636752,7.85,,,,,,,,,,,,,,,,
238,1x1_pixel_surface_30000_color_mode_red_frequency_19_shape_triangles.mp4,6,30000,red,triangles,19,225,13,1.6381267193260398,19.15,258.36384715549787,258.36384715549787,2230.9852919745726,1.5555218162423108,1.5555218162423108,0.0034795659792601235,964.138634649233,964.138634649233,960.0,240.15846398947582,797.8790608498869,797.8790608498869,540.0,2223.9660233950904,7954.0,0.0
239,1x1_pixel_surface_20000_color_mode_green_frequency_25_shape_triangles.mp4,6,20000,green,triangles,25,226,12,12.35804025838162,24.85,,,,,,,,,,,,,,,,
240,1x1_pixel_surface_20000_color_mode_white_frequency_13_shape_circles.mp4,6,20000,white,circles,13,225,13,4.69111887424978,13.15,,,,,,,,,,,,,,,,
241,1x1_pixel_surface_30000_color_mode_green_frequency_13_shape_circles.mp4,6,30000,green,circles,13,226,12,7.427759335410322,12.85,,,,,,,,,,,,,,,,
242,1x1_pixel_surface_20000_color_mode_red_frequency_13_shape_squares.mp4,6,20000,red,squares,13,226,12,1.3090274560831268,13.15,,,,,,,,,,,,,,,,
243,1x1_pixel_surface_20000_color_mode_green_frequency_13_shape_circles.mp4,6,20000,green,circles,13,225,12,6.434129234810137,12.85,,,,,,,,,,,,,,,,
244,1x1_pixel_surface_20000_color_mode_red_frequency_13_shape_triangles.mp4,6,20000,red,triangles,13,226,12,1.5803004144524972,13.15,253.81352313338533,253.81352313338533,1315.4096374047817,1.6276789766493134,1.6276789766493134,0.026003566669926093,943.390070475711,943.390070475711,960.0,1738.925703695008,789.9989869116536,789.9989869116536,540.0,1222.4052434362745,7946.0,0.0
245,1x1_pixel_surface_30000_color_mode_white_frequency_13_shape_triangles.mp4,6,30000,white,triangles,13,227,11,1.578538657969672,12.85,,,,,,,,,,,,,,,,
246,1x1_pixel_surface_30000_color_mode_white_frequency_13_shape_squares.mp4,6,30000,white,squares,13,227,11,4.550524199631338,13.15,276.4647053757213,276.4647053757213,30891.743447977075,1.1393241562852714,1.1393241562852714,0.08907841251290305,1061.5638665493843,1061.5638665493843,960.0,3937.14208310207,785.5477129932143,785.5477129932143,540.0,32778.43633870023,7958.0,0.0
247,1x1_pixel_surface_30000_color_mode_red_frequency_8_shape_squares.mp4,6,30000,red,squares,8,227,11,0.7925699020732664,8.0,,,,,,,,,,,,,,,,
248,1x1_pixel_surface_20000_color_mode_white_frequency_8_shape_circles.mp4,6,20000,white,circles,8,226,11,1.9888115772466106,7.85,,,,,,,,,,,,,,,,
249,1x1_pixel_surface_20000_color_mode_white_frequency_19_shape_circles.mp4,6,20000,white,circles,19,225,13,1.127739651645272,18.85,,,,,,,,,,,,,,,,
250,1x1_pixel_surface_10000_color_mode_green_frequency_13_shape_triangles.mp4,6,10000,green,triangles,13,226,12,3.5788480202215935,12.85,,,,,,,,,,,,,,,,
251,1x1_pixel_surface_30000_color_mode_red_frequency_25_shape_circles.mp4,6,30000,red,circles,25,226,12,1.492625840782483,24.85,,,,,,,,,,,,,,,,
252,1x1_pixel_surface_30000_color_mode_white_frequency_25_shape_triangles.mp4,6,30000,white,triangles,25,227,11,0.5307724814997875,24.85,,,,,,,,,,,,,,,,
253,1x1_pixel_surface_20000_color_mode_green_frequency_19_shape_triangles.mp4,6,20000,green,triangles,19,226,12,10.406999042523962,19.15,,,,,,,,,,,,,,,,
254,1x1_pixel_surface_20000_color_mode_red_frequency_13_shape_circles.mp4,6,20000,red,circles,13,226,12,2.1782176787540175,12.85,,,,,,,,,,,,,,,,
255,1x1_pixel_surface_30000_color_mode_red_frequency_13_shape_triangles.mp4,6,30000,red,triangles,13,224,14,1.6409676309040684,12.85,,,,,,,,,,,,,,,,
256,1x1_pixel_surface_30000_color_mode_green_frequency_8_shape_squares.mp4,6,30000,green,squares,8,227,11,1.3178270723135912,8.15,,,,,,,,,,,,,,,,
257,1x1_pixel_surface_30000_color_mode_green_frequency_25_shape_squares.mp4,6,30000,green,squares,25,225,13,2.4503854298640357,25.15,274.68254420548914,274.68254420548914,6674.778954322636,1.5710246456161003,1.5710246456161003,0.025989208906281206,958.5341360663984,958.5341360663984,960.0,1415.4180559940614,811.7448000503018,811.7448000503018,540.0,6862.475878078733,7952.0,0.0
258,1x1_pixel_surface_10000_color_mode_red_frequency_13_shape_squares.mp4,6,10000,red,squares,13,227,11,2.3051824166753225,13.0,,,,,,,,,,,,,,,,
259,1x1_pixel_surface_10000_color_mode_red_frequency_25_shape_triangles.mp4,6,10000,red,triangles,25,225,13,2.0386810811539235,24.85,348.4136749285395,348.4136749285395,6376.247708662617,1.4617333732625013,1.4617333732625013,0.09820118501895465,1000.5564908083606,1000.5564908083606,960.0,11612.2094494962,868.0222425081844,868.0222425081844,540.0,6912.706609589641,7942.0,0.0
260,1x1_pixel_surface_30000_color_mode_white_frequency_8_shape_squares.mp4,6,30000,white,squares,8,227,11,1.1602149913829867,7.85,391.21693124009954,391.21693124009954,15511.936499444026,1.53075079289587,1.53075079289587,0.016975870021001805,974.443823899371,974.443823899371,960.0,2283.8538656293663,927.8904339622642,927.8904339622642,540.0,15611.157114465763,7950.0,0.0
261,1x1_pixel_surface_10000_color_mode_white_frequency_13_shape_triangles.mp4,6,10000,white,triangles,13,226,12,1.238912316425759,13.15,,,,,,,,,,,,,,,,
262,1x1_pixel_surface_20000_color_mode_red_frequency_25_shape_triangles.mp4,6,20000,red,triangles,25,223,14,0.3828366242149345,25.15,140.5976624256033,140.5976624256033,22487.111596805065,1.4647816625167447,1.4647816625167447,0.7993049447629015,961.9195852244075,961.9195852244075,960.0,1651.653061640871,655.5442196167423,655.5442196167423,540.0,27249.009720432354,7932.0,1969.0
263,1x1_pixel_surface_10000_color_mode_white_frequency_8_shape_circles.mp4,6,10000,white,circles,8,227,11,1.2279910186981717,8.0,271.6793093049953,271.6793093049953,19691.62625324331,0.9398505701028886,0.9398505701028886,0.8934940745902014,987.6105604534005,987.6105604534005,960.0,561.7404863987382,777.614250629723,777.614250629723,540.0,35716.65772040822,7940.0,48.0
264,1x1_pixel_surface_10000_color_mode_green_frequency_13_shape_squares.mp4,6,10000,green,squares,13,226,12,3.6719763443198135,13.15,,,,,,,,,,,,,,,,
265,1x1_pixel_surface_20000_color_mode_white_frequency_13_shape_triangles.mp4,6,20000,white,triangles,13,227,11,0.892802003758626,13.15,,,,,,,,,,,,,,,,
266,1x1_pixel_surface_10000_color_mode_green_frequency_8_shape_triangles.mp4,6,10000,green,triangles,8,224,14,1.11260340994661,8.15,316.71862519550746,316.71862519550746,990.7922069078857,1.4382571694554844,1.4382571694554844,0.011011105218614113,1002.5884083480009,1002.5884083480009,960.0,1182.903721555153,852.0653319084738,852.0653319084738,540.0,920.0321263230779,7954.0,0.0
267,1x1_pixel_surface_20000_color_mode_green_frequency_19_shape_squares.mp4,6,20000,green,squares,19,224,14,3.4075427106900857,19.15,295.3565009592952,295.3565009592952,3116.497962786622,1.3662358764872318,1.3662358764872318,0.03954884848430569,1024.4740836053227,1024.4740836053227,960.0,4936.967613866473,821.5343585237257,821.5343585237257,540.0,1996.4905217263442,7966.0,0.0
268,1x1_pixel_surface_30000_color_mode_white_frequency_19_shape_squares.mp4,6,30000,white,squares,19,227,11,1.6824369940133068,19.15,169.74506811062724,169.74506811062724,4843.838383848561,1.3966350153110068,1.3966350153110068,0.6291826178405967,965.4019831276756,965.4019831276756,960.0,2207.4220015444143,698.0062263913372,698.0062263913372,540.0,6454.655530043434,7942.0,840.0
269,1x1_pixel_surface_30000_color_mode_green_frequency_19_shape_squares.mp4,6,30000,green,squares,19,226,12,4.139254946194553,19.15,,,,,,,,,,,,,,,,
270,1x1_pixel_surface_10000_color_mode_red_frequency_13_shape_triangles.mp4,6,10000,red,triangles,13,224,13,0.840697945322687,13.15,227.10438227471002,227.10438227471002,1311.6697577494529,1.600706480901297,1.600706480901297,0.011913027731578778,954.825523197176,954.825523197176,960.0,440.24451340503424,765.8903870398387,765.8903870398387,540.0,1394.583525530987,7932.0,0.0
271,1x1_pixel_surface_20000_color_mode_green_frequency_8_shape_circles.mp4,6,20000,green,circles,8,226,12,2.595788213138782,8.15,259.9102205106575,259.9102205106575,10740.193183706644,1.4918913351225955,1.4918913351225955,0.00870595924816022,980.1023635906463,980.1023635906463,960.0,628.0323592613146,798.0709705808398,798.0709705808398,540.0,10660.75267187668,7954.0,0.0
272,1x1_pixel_surface_30000_color_mode_red_frequency_19_shape_circles.mp4,6,30000,red,circles,19,223,15,5.6176329129716835,19.0,276.456837626337,276.456837626337,30312.223037720993,1.4711020962644903,1.4711020962644903,0.005165510800288091,987.829998744034,987.829998744034,960.0,681.8301754961047,814.5217282089927,814.5217282089927,540.0,29922.08784363475,7962.0,0.0
273,1x1_pixel_surface_10000_color_mode_green_frequency_13_shape_circles.mp4,6,10000,green,circles,13,225,13,1.8549431750960688,12.85,,,,,,,,,,,,,,,,
274,1x1_pixel_surface_10000_color_mode_red_frequency_25_shape_squares.mp4,6,10000,red,squares,25,227,11,2.3283777606343197,25.0,,,,,,,,,,,,,,,,
275,1x1_pixel_surface_20000_color_mode_white_frequency_19_shape_triangles.mp4,7,20000,white,triangles,19,226,12,2.5582365306480765,18.85,,,,,,,,,,,,,,,,
276,1x1_pixel_surface_30000_color_mode_white_frequency_25_shape_squares.mp4,7,30000,white,squares,25,227,11,6.599589732453309,24.85,,,,,,,,,,,,,,,,
277,1x1_pixel_surface_30000_color_mode_white_frequency_25_shape_circles.mp4,7,30000,white,circles,25,227,11,1.7501490693807984,25.15,,,,,,,,,,,,,,,,
278,1x1_pixel_surface_20000_color_mode_red_frequency_19_shape_circles.mp4,7,20000,red,circles,19,226,12,6.885175403176183,19.15,54.89875978866951,54.89875978866951,7388.797424293948,0.6904008752251098,0.6904008752251098,1.5471684532482575,975.9226576237126,975.9226576237126,960.0,886.9465778152075,576.7733798040694,576.7733798040694,540.0,7909.912184796465,7962.0,6975.0
279,1x1_pixel_surface_10000_color_mode_red_frequency_8_shape_squares.mp4,7,10000,red,squares,8,225,12,2.923818101715269,8.0,100.08559753946936,100.08559753946936,1167.5321502909146,1.448482098890851,1.448482098890851,0.06572613066347224,973.7925995965708,973.7925995965708,960.0,497.60118830009054,636.4011598587997,636.4011598587997,540.0,1203.6383710702594,7932.0,29.0
280,1x1_pixel_surface_10000_color_mode_white_frequency_19_shape_circles.mp4,7,10000,white,circles,19,226,12,3.2757017652684244,18.85,,,,,,,,,,,,,,,,
281,1x1_pixel_surface_20000_color_mode_white_frequency_25_shape_triangles.mp4,7,20000,white,triangles,25,225,13,4.2031752315716835,24.85,302.6442340236705,302.6442340236705,8888.978533377664,1.4260922114931167,1.4260922114931167,0.012809601640617264,1000.1106765593561,1000.1106765593561,960.0,586.7581512273781,838.5426810865191,838.5426810865191,540.0,9159.153965548194,7952.0,0.0
282,1x1_pixel_surface_20000_color_mode_green_frequency_19_shape_circles.mp4,7,20000,green,circles,19,226,12,9.932371268992235,18.85,,,,,,,,,,,,,,,,
283,1x1_pixel_surface_30000_color_mode_white_frequency_13_shape_circles.mp4,7,30000,white,circles,13,226,12,2.592287397555606,12.85,,,,,,,,,,,,,,,,
284,1x1_pixel_surface_10000_color_mode_green_frequency_25_shape_squares.mp4,7,10000,green,squares,25,227,11,0.7723510740717517,25.15,204.08175143446448,204.08175143446448,52172.067019142865,1.1179853113073983,1.1179853113073983,0.18760916335667346,1032.7787638469285,1032.7787638469285,960.0,7414.275907283608,704.6693542296072,704.6693542296072,540.0,53994.407690934946,7944.0,671.0
285,1x1_pixel_surface_20000_color_mode_white_frequency_25_shape_circles.mp4,7,20000,white,circles,25,226,12,3.5381281249286074,24.85,,,,,,,,,,,,,,,,
286,1x1_pixel_surface_20000_color_mode_red_frequency_25_shape_circles.mp4,7,20000,red,circles,25,226,12,2.8308283394068217,24.85,,,,,,,,,,,,,,,,
287,1x1_pixel_surface_10000_color_mode_white_frequency_25_shape_triangles.mp4,7,10000,white,triangles,25,225,13,3.9460724078442353,25.15,,,,,,,,,,,,,,,,
288,1x1_pixel_surface_10000_color_mode_white_frequency_8_shape_squares.mp4,7,10000,white,squares,8,227,11,0.4853333858711604,7.85,,,,,,,,,,,,,,,,
289,1x1_pixel_surface_10000_color_mode_green_frequency_25_shape_triangles.mp4,7,10000,green,triangles,25,227,11,5.740332446593742,25.15,,,,,,,,,,,,,,,,
290,1x1_pixel_surface_20000_color_mode_white_frequency_8_shape_squares.mp4,7,20000,white,squares,8,226,12,0.5381599054328914,8.15,,,,,,,,,,,,,,,,
291,1x1_pixel_surface_30000_color_mode_red_frequency_13_shape_squares.mp4,7,30000,red,squares,13,226,12,0.9832245431267459,12.85,,,,,,,,,,,,,,,,
292,1x1_pixel_surface_20000_color_mode_green_frequency_8_shape_squares.mp4,7,20000,green,squares,8,227,11,1.334486008541401,8.0,,,,,,,,,,,,,,,,
293,1x1_pixel_surface_20000_color_mode_red_frequency_25_shape_squares.mp4,7,20000,red,squares,25,227,11,1.0713764192581228,24.85,,,,,,,,,,,,,,,,
294,1x1_pixel_surface_30000_color_mode_green_frequency_8_shape_triangles.mp4,7,30000,green,triangles,8,226,12,0.5765576182779539,8.0,,,,,,,,,,,,,,,,
295,1x1_pixel_surface_20000_color_mode_red_frequency_8_shape_squares.mp4,7,20000,red,squares,8,226,11,3.0831463683193276,8.15,183.17044807446032,183.17044807446032,338.4758191328444,1.238106527389373,1.238106527389373,0.02105811309606875,1019.230698436712,1019.230698436712,960.0,607.1203958561096,711.3772881996974,711.3772881996974,540.0,404.31792309243264,7932.0,0.0
296,1x1_pixel_surface_30000_color_mode_white_frequency_8_shape_circles.mp4,7,30000,white,circles,8,227,11,2.3806787374367127,8.15,252.03703122071312,252.03703122071312,17183.14780246012,1.1762359448312727,1.1762359448312727,0.009648523938424256,1051.6442990183739,1051.6442990183739,960.0,1143.3904287371672,773.2769066196829,773.2769066196829,540.0,16745.62977565627,7946.0,0.0
297,1x1_pixel_surface_30000_color_mode_green_frequency_13_shape_triangles.mp4,7,30000,green,triangles,13,226,12,2.387775117557446,12.85,204.22049893735803,204.22049893735803,8223.39805265007,1.2226414255829103,1.2226414255829103,0.015429535201167879,1024.3107744531053,1024.3107744531053,960.0,483.99951051412734,732.1151118933869,732.1151118933869,540.0,8401.31879979261,7954.0,749.0
298,1x1_pixel_surface_30000_color_mode_red_frequency_13_shape_circles.mp4,7,30000,red,circles,13,222,16,1.1268586203781497,13.15,377.66411638194506,377.66411638194506,44352.79528726875,1.432428470127656,1.432428470127656,0.009571321148161113,1017.9199309045226,1017.9199309045226,960.0,3808.8742098570347,911.3987876884422,911.3987876884422,540.0,41882.327987537836,7960.0,0.0
299,1x1_pixel_surface_10000_color_mode_green_frequency_8_shape_squares.mp4,7,10000,green,squares,8,226,12,1.801048192067754,8.15,,,,,,,,,,,,,,,,
300,1x1_pixel_surface_10000_color_mode_green_frequency_19_shape_circles.mp4,7,10000,green,circles,19,225,13,2.291909837598975,18.85,,,,,,,,,,,,,,,,
301,1x1_pixel_surface_30000_color_mode_red_frequency_25_shape_triangles.mp4,7,30000,red,triangles,25,226,12,7.329033058302195,24.85,,,,,,,,,,,,,,,,
302,1x1_pixel_surface_10000_color_mode_green_frequency_19_shape_triangles.mp4,7,10000,green,triangles,19,227,11,8.980611154733634,18.85,,,,,,,,,,,,,,,,
303,1x1_pixel_surface_30000_color_mode_green_frequency_13_shape_squares.mp4,7,30000,green,squares,13,227,11,6.374682174052531,12.85,,,,,,,,,,,,,,,,
304,1x1_pixel_surface_10000_color_mode_white_frequency_25_shape_squares.mp4,7,10000,white,squares,25,226,12,3.4230462450225048,25.15,,,,,,,,,,,,,,,,
305,1x1_pixel_surface_30000_color_mode_red_frequency_19_shape_squares.mp4,7,30000,red,squares,19,227,11,2.7964155893833555,18.85,,,,,,,,,,,,,,,,
306,1x1_pixel_surface_10000_color_mode_red_frequency_19_shape_triangles.mp4,7,10000,red,triangles,19,226,12,0.6459111267320866,19.15,,,,,,,,,,,,,,,,
307,1x1_pixel_surface_20000_color_mode_red_frequency_19_shape_squares.mp4,7,20000,red,squares,19,226,12,3.3280512899364867,19.15,,,,,,,,,,,,,,,,
308,1x1_pixel_surface_30000_color_mode_red_frequency_25_shape_squares.mp4,7,30000,red,squares,25,227,11,0.883699951442491,25.15,,,,,,,,,,,,,,,,
309,1x1_pixel_surface_20000_color_mode_white_frequency_8_shape_triangles.mp4,7,20000,white,triangles,8,226,12,2.8483145488595225,8.0,,,,,,,,,,,,,,,,
310,1x1_pixel_surface_30000_color_mode_green_frequency_25_shape_circles.mp4,7,30000,green,circles,25,226,12,5.133320091319284,24.85,251.23534792756493,251.23534792756493,12142.382367230473,1.2880765371912173,1.2880765371912173,0.03431614779744906,1017.8343844221106,1017.8343844221106,960.0,740.1544069074961,781.7895665829147,781.7895665829147,540.0,12714.417478769434,7960.0,440.0
311,1x1_pixel_surface_10000_color_mode_white_frequency_8_shape_triangles.mp4,7,10000,white,triangles,8,225,13,0.8355635645371505,7.85,297.7607029275137,297.7607029275137,10708.27510363979,1.4401077247827552,1.4401077247827552,0.0034812675677506053,998.1400426921147,998.1400426921147,960.0,493.8864892498097,834.7843671521847,834.7843671521847,540.0,10523.338848406634,7964.0,116.0
312,1x1_pixel_surface_30000_color_mode_white_frequency_19_shape_circles.mp4,7,30000,white,circles,19,227,11,5.192301363336014,19.15,,,,,,,,,,,,,,,,
313,1x1_pixel_surface_30000_color_mode_green_frequency_19_shape_circles.mp4,7,30000,green,circles,19,226,12,8.892774680665788,18.85,,,,,,,,,,,,,,,,
314,1x1_pixel_surface_10000_color_mode_green_frequency_8_shape_circles.mp4,7,10000,green,circles,8,225,13,2.5915752660431934,8.0,214.62622647699874,214.62622647699874,3668.1917245128866,1.255411890999803,1.255411890999803,0.08517350687993562,1019.4303140703519,1019.4303140703519,960.0,1839.3780471375405,739.2279711055277,739.2279711055277,540.0,4669.484067805697,7960.0,0.0
315,1x1_pixel_surface_20000_color_mode_green_frequency_25_shape_squares.mp4,7,20000,green,squares,25,225,12,1.3737090392488802,24.85,,,,,,,,,,,,,,,,
316,1x1_pixel_surface_10000_color_mode_red_frequency_19_shape_circles.mp4,7,10000,red,circles,19,226,12,5.554872881441796,18.85,305.0941884352956,305.0941884352956,314.7853611120898,1.470032940044965,1.470032940044965,0.004550694686366035,991.1120372702092,991.1120372702092,960.0,452.2249016918872,842.8040480987157,842.8040480987157,540.0,286.7738683396659,7942.0,0.0
317,1x1_pixel_surface_10000_color_mode_white_frequency_13_shape_circles.mp4,7,10000,white,circles,13,225,13,3.214958646479718,12.85,281.4444376742637,281.4444376742637,3209.2006794947906,1.5512637730606746,1.5512637730606746,0.004863413697780403,966.8946590337192,966.8946590337192,960.0,386.0820823824838,820.7035543532963,820.7035543532963,540.0,3192.0683451295317,7948.0,0.0
318,1x1_pixel_surface_10000_color_mode_white_frequency_19_shape_squares.mp4,7,10000,white,squares,19,225,13,4.124882123837825,19.15,,,,,,,,,,,,,,,,
319,1x1_pixel_surface_10000_color_mode_green_frequency_19_shape_squares.mp4,7,10000,green,squares,19,227,11,2.3364010125644468,19.15,,,,,,,,,,,,,,,,
320,1x1_pixel_surface_10000_color_mode_red_frequency_19_shape_squares.mp4,7,10000,red,squares,19,225,12,1.3802494065875672,18.85,,,,,,,,,,,,,,,,
321,1x1_pixel_surface_10000_color_mode_red_frequency_25_shape_circles.mp4,7,10000,red,circles,25,226,12,4.003328203185857,25.15,,,,,,,,,,,,,,,,
322,1x1_pixel_surface_20000_color_mode_white_frequency_19_shape_squares.mp4,7,20000,white,squares,19,227,11,4.675302582304383,19.15,,,,,,,,,,,,,,,,
323,1x1_pixel_surface_10000_color_mode_red_frequency_13_shape_circles.mp4,7,10000,red,circles,13,227,11,0.5074886367882108,13.15,,,,,,,,,,,,,,,,
324,1x1_pixel_surface_30000_color_mode_green_frequency_25_shape_triangles.mp4,7,30000,green,triangles,25,225,13,2.8780966031485367,24.85,263.0122615709343,263.0122615709343,20579.844138531163,1.327439388946804,1.327439388946804,0.04754506550748741,1007.3146955208856,1007.3146955208856,960.0,732.1646619983845,795.0264846502265,795.0264846502265,540.0,21745.940927904016,7948.0,179.0
325,1x1_pixel_surface_30000_color_mode_white_frequency_19_shape_triangles.mp4,7,30000,white,triangles,19,226,12,2.8224431343491965,19.15,134.9582203732864,134.9582203732864,3038.4269912979776,1.1782542839138839,1.1782542839138839,0.11098735101630904,1001.6683463181703,1001.6683463181703,960.0,818.409164543547,665.059097763257,665.059097763257,540.0,3057.7100548280896,7958.0,1258.0
326,1x1_pixel_surface_10000_color_mode_green_frequency_25_shape_circles.mp4,7,10000,green,circles,25,226,12,1.9246842560277448,24.85,318.1271280773543,318.1271280773543,16075.12492208375,1.3934043654387,1.3934043654387,0.002806154860063403,1014.6840640703518,1014.6840640703518,960.0,622.3503983702668,853.0022550251256,853.0022550251256,540.0,15696.88562839476,7960.0,0.0
327,1x1_pixel_surface_30000_color_mode_green_frequency_19_shape_triangles.mp4,7,30000,green,triangles,19,226,12,3.543089599125743,18.85,,,,,,,,,,,,,,,,
328,1x1_pixel_surface_20000_color_mode_red_frequency_8_shape_circles.mp4,7,20000,red,circles,8,225,13,3.0662786687051558,7.85,,,,,,,,,,,,,,,,
